{
    "n_trees": [
        1,
        2,
        3,
        5,
        10,
        15,
        20,
        30,
        40
    ],
    "metric": "AUC",
    "scratch_classifier": [
        [
            0.7800769503485512,
            0.8423725876930699,
            0.8708588197102242,
            0.8908224215332832,
            0.9189084711591033,
            0.9217441198016334,
            0.9254008231103061,
            0.9307366773168397,
            0.9302871729129647
        ],
        [
            0.7877416845356069,
            0.8515829896587959,
            0.8771430714786086,
            0.896663375862835,
            0.9170178830004443,
            0.9211178837479497,
            0.9286945190763396,
            0.9326130495233049,
            0.9318409164203458
        ],
        [
            0.7795104479907053,
            0.8425409099063695,
            0.8731245621753689,
            0.8949698087881015,
            0.9162708447238929,
            0.9213220461787519,
            0.9232710999436168,
            0.9280184938191977,
            0.93194416561304
        ],
        [
            0.7768241002169902,
            0.8557016780429879,
            0.8728725460463368,
            0.8971075409419422,
            0.9167036637378689,
            0.9214323699767633,
            0.922502504143316,
            0.9316328829790868,
            0.9319823417851285
        ],
        [
            0.7737980379049344,
            0.8486372841844929,
            0.8746637560227583,
            0.8963538952509909,
            0.918614074139728,
            0.9222695761003281,
            0.928237673100909,
            0.9298091698631424,
            0.93134863067677
        ]
    ],
    "scratch_regressor": [
        [
            0.7950066367806862,
            0.8495185397373907,
            0.8757579838923251,
            0.8963139837983529,
            0.9141884413229565,
            0.9231596415390924,
            0.9210980615047498,
            0.9280514641496378,
            0.9301244569906711
        ],
        [
            0.7846571566173455,
            0.8511241414365773,
            0.8748678517120012,
            0.8994934849559185,
            0.916724286879784,
            0.9200253911589326,
            0.920931608055119,
            0.9257057652960976,
            0.9293088083908558
        ],
        [
            0.7880348134653499,
            0.8411261223260662,
            0.8775576700468152,
            0.9021706223944095,
            0.9167115392419014,
            0.919381468591956,
            0.9244892668893522,
            0.9264330480710086,
            0.9279556900116185
        ],
        [
            0.7846950658231957,
            0.8408588223798865,
            0.8735127978275354,
            0.8907981943471501,
            0.9134949965187602,
            0.9187365449015856,
            0.9226915162400903,
            0.926742328458174,
            0.9276536177128896
        ],
        [
            0.7892736702945599,
            0.8553637655267564,
            0.8728607327902884,
            0.8955779578791347,
            0.916810250008543,
            0.9231152584019615,
            0.9230977053717879,
            0.9260808528610238,
            0.9306233501486467
        ]
    ],
    "kd_mse": [
        [
            0.9078022751930698,
            0.9126173450100807,
            0.9185539399945326,
            0.9189213522801053,
            0.9217048090230318,
            0.9229702957345202,
            0.9232534801718835,
            0.9231786628835771,
            0.9236695470544013
        ],
        [
            0.9079750690908626,
            0.9164728714247881,
            0.9168087149526722,
            0.9191454704372267,
            0.9219171139241047,
            0.922637455576818,
            0.9227282240978676,
            0.9234444945154456,
            0.9235109691088026
        ],
        [
            0.9080057702082763,
            0.9152552384115296,
            0.9194100339794627,
            0.9206663770972867,
            0.9212980859588573,
            0.9227328292654797,
            0.922339054063867,
            0.9232389972534514,
            0.9238947330764762
        ],
        [
            0.9089170594629922,
            0.9149455575750068,
            0.9176033399612152,
            0.9190547686577364,
            0.9224844171806657,
            0.9227536526320735,
            0.9222857942993099,
            0.9232781745489338,
            0.9234675870950657
        ],
        [
            0.909139642564243,
            0.9122603444078049,
            0.9183396328466717,
            0.9178282590170517,
            0.9208602613279113,
            0.9220997188311577,
            0.9230311640368711,
            0.9232708329773783,
            0.9234393554153567
        ]
    ],
    "kd_boundfast": [
        [
            0.9082298883653978,
            0.9118072359597116,
            0.9177896823956054,
            0.9208634649227719,
            0.9216614270092947,
            0.9214438495250138,
            0.9224600565114134,
            0.923144691429743,
            0.9237544423182067
        ],
        [
            0.9078846342776107,
            0.9167335639565678,
            0.919181711104087,
            0.9189587275534786,
            0.9226562766966239,
            0.9219593613313287,
            0.9238970022895024,
            0.9226925841050437,
            0.9238061002853335
        ],
        [
            0.9067022408078184,
            0.9166068217348962,
            0.9188335871292374,
            0.9187991484844861,
            0.9222917342981138,
            0.9225660421080509,
            0.9227661333037179,
            0.9234292774398578,
            0.9244254619583789
        ],
        [
            0.9054409588145844,
            0.9140416098918467,
            0.9171619780276107,
            0.9195618042859827,
            0.9219183820137369,
            0.9219302620113451,
            0.922546553572649,
            0.9232933916245215,
            0.9237657883833379
        ],
        [
            0.9091553935723071,
            0.9159745789408488,
            0.9172200431844587,
            0.9186423725609965,
            0.922287062388942,
            0.9233103439806588,
            0.9226929845544013,
            0.9227351652200655,
            0.9235080324801804
        ]
    ],
    "kd_boundfast_params": [
        {
            "c": 0.01
        },
        {
            "c": 0.0001
        },
        {
            "c": 0.001
        },
        {
            "c": 0.001
        },
        {
            "c": 0.001
        },
        {
            "c": 0.0001
        },
        {
            "c": 0.0001
        },
        {
            "c": 0.0001
        },
        {
            "c": 0.01
        }
    ],