{
    "n_trees": [
        1,
        2,
        3,
        5,
        10,
        15,
        20,
        30,
        40
    ],
    "metric": "Accuracy",
    "scratch_classifier": [
        [
            0.6048954614992351,
            0.6115927248002719,
            0.6388577256501785,
            0.6568417474077851,
            0.6690804011558729,
            0.6859085500594935,
            0.6916199218086011,
            0.7016148223695393,
            0.7061363250042495
        ],
        [
            0.5956484786673466,
            0.6115927248002719,
            0.6367499575046744,
            0.6539180690124087,
            0.6704742478327383,
            0.6832908380078191,
            0.6919598844127146,
            0.7033826279109298,
            0.7049804521502635
        ],
        [
            0.6058133605303416,
            0.6150943396226415,
            0.6380758116607174,
            0.657691653918069,
            0.6769335373108958,
            0.684616692163862,
            0.6893761686214517,
            0.6988271290158082,
            0.7060003399626041
        ],
        [
            0.6084990651028387,
            0.6061873193948666,
            0.629236783953765,
            0.657691653918069,
            0.6711881693013768,
            0.6870644229134795,
            0.6931157572667007,
            0.7013088560258371,
            0.7061703212646608
        ],
        [
            0.6031276559578447,
            0.6120686724460309,
            0.6386537480877104,
            0.6607173210946796,
            0.6742138364779874,
            0.6911099779024308,
            0.694203637599864,
            0.7041985381608024,
            0.70263471018188
        ]
    ],
    "scratch_regressor": [
        [
            0.6177800441951385,
            0.6228794832568417,
            0.6501784803671596,
            0.6628250892401836,
            0.6817270100288968,
            0.6904980452150263,
            0.6937956824749277,
            0.7010708822029577,
            0.7030766615672276
        ],
        [
            0.6157402685704573,
            0.6202617712051675,
            0.6498725140234575,
            0.6685364609892912,
            0.6829168791432942,
            0.6936936936936937,
            0.6966513683494816,
            0.7009688934217236,
            0.7048104708482067
        ],
        [
            0.6179840217576067,
            0.6262451130375659,
            0.6504164541900391,
            0.6595954445011049,
            0.6828828828828829,
            0.6899541050484447,
            0.6928437871834098,
            0.6985891551929287,
            0.7031106578276389
        ],
        [
            0.6178140404555499,
            0.6217916029236784,
            0.6487166411694714,
            0.6625871154173041,
            0.6797892231854497,
            0.6928097909229984,
            0.69535951045385,
            0.7031446540880503,
            0.704266530681625
        ],
        [
            0.6212816590175081,
            0.6255311915689274,
            0.6505184429712731,
            0.6628930817610063,
            0.6782593914669386,
            0.6933537310895801,
            0.6951215366309705,
            0.7013768485466598,
            0.7059663437021928
        ]
    ],
    "kd_mse": [
        [
            0.6908720040795513,
            0.6953255141934387,
            0.6988271290158082,
            0.7030086690464049,
            0.7022947475777664,
            0.7041645419003909,
            0.7032466428692844,
            0.705320414754377,
            0.704844467108618
        ],
        [
            0.6887982321944586,
            0.698895121536631,
            0.6980452150263471,
            0.70062893081761,
            0.7025327214006459,
            0.7023627400985891,
            0.7060683324834268,
            0.7049464558898522,
            0.7038925718171001
        ],
        [
            0.6893761686214517,
            0.6981472038075812,
            0.6993710691823899,
            0.7003569607343192,
            0.7017168111507734,
            0.7024307326194119,
            0.7041985381608024,
            0.7053544110147884,
            0.7051164371919089
        ],
        [
            0.6918238993710691,
            0.6975012748597654,
            0.6964133945266021,
            0.7031446540880503,
            0.7042325344212137,
            0.7036545979942206,
            0.7044365119836818,
            0.7046404895461499,
            0.7038245792962774
        ],
        [
            0.6906340302566718,
            0.6968553459119496,
            0.6986571477137515,
            0.6996430392656807,
            0.7033486316505184,
            0.7036206017338092,
            0.7031446540880503,
            0.7033486316505184,
            0.7035526092129866
        ]
    ],
    "kd_boundfast": [
        [
            0.6911099779024308,
            0.6974672785993541,
            0.6981472038075812,
            0.6996430392656807,
            0.7049804521502635,
            0.7066802651708312,
            0.7046064932857385,
            0.7045045045045045,
            0.7071562128165901
        ],
        [
            0.6898521162672107,
            0.6960734319224885,
            0.7025327214006459,
            0.7007649158592555,
            0.7059663437021928,
            0.704368519462859,
            0.7032466428692844,
            0.704742478327384,
            0.7080061193268741
        ],
        [
            0.6912119666836648,
            0.6966173720890702,
            0.6981812000679926,
            0.7005609382967873,
            0.7070202277749448,
            0.7064082950875403,
            0.7039605643379229,
            0.7064762876083631,
            0.7064082950875403
        ],
        [
            0.69009009009009,
            0.6972972972972973,
            0.6997790243073262,
            0.7013428522862485,
            0.7043345232024477,
            0.7058643549209587,
            0.7037225905150434,
            0.7041645419003909,
            0.7071222165561788
        ],
        [
            0.6896481387047425,
            0.6989291177970424,
            0.7003229644739078,
            0.704266530681625,
            0.7057623661397247,
            0.7060003399626041,
            0.705422403535611,
            0.7047764745877954,
            0.7065442801291858
        ]
    ],
    "kd_boundfast_params": [
        {
            "c": 0.001
        },
        {
            "c": 1e-05
        },
        {
            "c": 0.01
        },
        {
            "c": 1e-05
        },
        {
            "c": 0.1
        },
        {
            "c": 0.1
        },
        {
            "c": 1e-05
        },
        {
            "c": 0.001
        },
        {
            "c": 0.1
        }
    ],