{
    "n_trees": [
        1,
        2,
        3,
        5,
        10,
        15,
        20,
        30,
        40
    ],
    "metric": "Accuracy",
    "scratch_classifier": [
        [
            0.606901240863505,
            0.6122726500084991,
            0.6383137854835969,
            0.6536800951895292,
            0.6759816420193778,
            0.685772565017848,
            0.6941356450790414,
            0.6999150093489717,
            0.7050484446710862
        ],
        [
            0.5981981981981982,
            0.6118986911439742,
            0.6369879313275539,
            0.6580656127825939,
            0.6726840047594764,
            0.6833248342682305,
            0.6917899031106578,
            0.7014108448070713,
            0.7045045045045045
        ],
        [
            0.6065272819989801,
            0.6095529491755907,
            0.6332143464218936,
            0.6531361550229475,
            0.6731599524052354,
            0.6895461499235084,
            0.6925038245792963,
            0.7005609382967873,
            0.7051844297127317
        ],
        [
            0.6025157232704402,
            0.6067312595614482,
            0.6392656807751147,
            0.6573856875743668,
            0.6765595784463709,
            0.6862145164031956,
            0.6891721910589835,
            0.6980452150263471,
            0.7071222165561788
        ],
        [
            0.597892231854496,
            0.6066292707802142,
            0.6367499575046744,
            0.6532041475437702,
            0.674179840217576,
            0.6864524902260751,
            0.6921638619751828,
            0.6980112187659357,
            0.7062383137854836
        ]
    ],
    "scratch_regressor": [
        [
            0.6241373448920619,
            0.6237973822879483,
            0.6524562298147204,
            0.6630630630630631,
            0.6789733129355771,
            0.6912459629440761,
            0.6939316675165732,
            0.7018867924528301,
            0.7031446540880503
        ],
        [
            0.6170661227265001,
            0.6226415094339622,
            0.6500084990651028,
            0.6668366479687234,
            0.6801631820499745,
            0.6925038245792963,
            0.6963793982661908,
            0.701478837327894,
            0.7057283698793133
        ],
        [
            0.615910249872514,
            0.6267890532041476,
            0.6489206187319395,
            0.6653408125106238,
            0.6781913989461159,
            0.6913479517253102,
            0.6939996600373959,
            0.7011728709841918,
            0.703688594254632
        ],
        [
            0.6209416964133945,
            0.6210436851946286,
            0.6494305626381098,
            0.6659527451980282,
            0.6783953765085841,
            0.6960734319224885,
            0.6974332823389428,
            0.7008669046404895,
            0.7032806391296957
        ],
        [
            0.6215876253612103,
            0.6227434982151964,
            0.6525242223355431,
            0.6669726330103689,
            0.679449260581336,
            0.6924698283188849,
            0.6927757946625871,
            0.7024987251402346,
            0.7044025157232704
        ]
    ],
    "kd_mse": [
        [
            0.6229474757776644,
            0.6379058303586606,
            0.6665646778854326,
            0.6694883562808092,
            0.6793132755396907,
            0.6825769165391807,
            0.6823049464558899,
            0.6869964303926568,
            0.6871324154343023
        ],
        [
            0.6208397076321605,
            0.6341662417134115,
            0.6694203637599864,
            0.6715621281659018,
            0.6791092979772225,
            0.6800951895291518,
            0.6832228454869964,
            0.6888322284548699,
            0.6868944416114228
        ],
        [
            0.625395206527282,
            0.6368179500254972,
            0.6685704572497025,
            0.6680945096039436,
            0.6767975522692504,
            0.6844467108618052,
            0.6825429202787693,
            0.6876083630800612,
            0.6866224715281319
        ],
        [
            0.6242053374128845,
            0.6328403875573687,
            0.6620431752507224,
            0.6680605133435322,
            0.6770355260921299,
            0.6823049464558899,
            0.6847526772055074,
            0.6853646098929118,
            0.6872004079551249
        ],
        [
            0.624443311235764,
            0.6367499575046744,
            0.6656807751147373,
            0.6684684684684684,
            0.6753697093319735,
            0.6818289988101309,
            0.6842087370389257,
            0.6853646098929118,
            0.6855005949345572
        ]
    ],
    "kd_boundfast": [
        [
            0.62434132245453,
            0.632772395036546,
            0.6682644909060004,
            0.6697943226245113,
            0.6789733129355771,
            0.6809450960394356,
            0.6812510623831378,
            0.6845486996430392,
            0.6845826959034507
        ],
        [
            0.6208737038925718,
            0.6330103688594254,
            0.6649328573856875,
            0.6697263301036886,
            0.6810470848206698,
            0.6807751147373788,
            0.6828828828828829,
            0.6866224715281319,
            0.6846506884242733
        ],
        [
            0.625293217746048,
            0.6379738228794832,
            0.664966853646099,
            0.670814210436852,
            0.6803671596124427,
            0.681455039945606,
            0.6837667856535781,
            0.6848886622471528,
            0.6888662247152814
        ],
        [
            0.6223355430902601,
            0.6356620771715111,
            0.6719020907700153,
            0.6681285058643549,
            0.6782253952065272,
            0.6826449090600034,
            0.6861805201427843,
            0.6873363929967704,
            0.6864184939656638
        ],
        [
            0.624817270100289,
            0.6349141594424613,
            0.6686724460309366,
            0.6730919598844127,
            0.6776814550399456,
            0.6805711371749108,
            0.682032976372599,
            0.6856025837157913,
            0.6866224715281319
        ]
    ],
    "kd_boundfast_params": [
        {
            "c": 1e-05
        },
        {
            "c": 0.0001
        },
        {
            "c": 0.0001
        },
        {
            "c": 1e-05
        },
        {
            "c": 1e-05
        },
        {
            "c": 1e-05
        },
        {
            "c": 0.0001
        },
        {
            "c": 0.0001
        },
        {
            "c": 1e-05
        }
    ],