{
    "n_trees": [
        1,
        2,
        3,
        5,
        10,
        15,
        20,
        30,
        40
    ],
    "metric": "AUC",
    "scratch_classifier": [
        [
            0.7440204665637623,
            0.7964910484081055,
            0.8375770008139839,
            0.861549838055333,
            0.882400137841652,
            0.8959080846340439,
            0.90098688708752,
            0.9012813146449756,
            0.9046085146943177
        ],
        [
            0.7414361004324747,
            0.8081516933788127,
            0.8346720727010228,
            0.8560043693815426,
            0.8822988717029795,
            0.8946207898850116,
            0.8958921579786252,
            0.9028700492448127,
            0.9039733125049201
        ],
        [
            0.7429899130506059,
            0.8053659108504956,
            0.8325414514032095,
            0.8587881610779324,
            0.884812658404283,
            0.8947706221783446,
            0.8993150447650604,
            0.8996568338336535,
            0.904303245345156
        ],
        [
            0.7324156029283946,
            0.8088018204674363,
            0.8316157018765454,
            0.8640369704336351,
            0.8865460263096174,
            0.8926688108814156,
            0.8967332781276908,
            0.9024516702090795,
            0.9040135602790431
        ],
        [
            0.7444068781645352,
            0.8046995020536256,
            0.8348322522481946,
            0.8601513230079914,
            0.8861950312284179,
            0.893434875398775,
            0.8959262050087202,
            0.902747682823802,
            0.90546502891956
        ]
    ],
    "scratch_regressor": [
        [
            0.746101634074846,
            0.8021373267240757,
            0.8327539378401912,
            0.8608532751290161,
            0.8832370861199907,
            0.8906533027825592,
            0.8941714578509686,
            0.8984765875122036,
            0.9001911883394971
        ],
        [
            0.7528828641158047,
            0.8036767850635971,
            0.8305385349992818,
            0.8583739412324675,
            0.8841894012064493,
            0.8885295416125971,
            0.894526536039688,
            0.8979972281532952,
            0.8995249697494991
        ],
        [
            0.7483277772637966,
            0.8029557108117036,
            0.8323282294996555,
            0.860693995894372,
            0.8826461514099451,
            0.8922528411327281,
            0.8933558507836725,
            0.8977890403916212,
            0.8999094666010935
        ],
        [
            0.7386464376839682,
            0.7978188064990492,
            0.8313395341788055,
            0.860539484511987,
            0.8795468952760526,
            0.89105986363131,
            0.8936977286154726,
            0.8973614680237395,
            0.9007389841309645
        ],
        [
            0.7488557281382815,
            0.8036137505062039,
            0.8339011515681972,
            0.8651550951906776,
            0.8845309620267958,
            0.8913163892993975,
            0.8924579095017007,
            0.8966913945744681,
            0.8994583593029116
        ]
    ],
    "kd_mse": [
        [
            0.899929590488155,
            0.9041989232160726,
            0.9077678381583998,
            0.9093982787850458,
            0.9096630087095473,
            0.9115318292686887,
            0.9114730046233965,
            0.9120998250299664,
            0.911929399672621
        ],
        [
            0.8989324880235608,
            0.9050801009323888,
            0.9071800989238044,
            0.9092937918100067,
            0.9109253356365103,
            0.9116981461575979,
            0.9113045066956877,
            0.912258584365827,
            0.9124063877858581
        ],
        [
            0.8994410631580143,
            0.9066819471259386,
            0.9082260972349703,
            0.9102271622920101,
            0.9109439505490535,
            0.9114921267542653,
            0.9114153465802529,
            0.912299111110029,
            0.9119763173677236
        ],
        [
            0.8980262156805937,
            0.9048895009661496,
            0.9087519431534047,
            0.9087633302048107,
            0.9109358604167631,
            0.9114189985521959,
            0.9118166830802517,
            0.9120938144928101,
            0.9122715818354162
        ],
        [
            0.8979808703623,
            0.9055681210442044,
            0.9073989763116869,
            0.9100453118418843,
            0.9110597104513756,
            0.9107751736512659,
            0.9117806325377715,
            0.9121837950237417,
            0.9124786537167742
        ]
    ],
    "kd_boundfast": [
        [
            0.8990517223714122,
            0.9054496475238413,
            0.9071529120215612,
            0.9091546618233403,
            0.9110789720672839,
            0.911391545360332,
            0.9117554745088302,
            0.9114299544680255,
            0.9122480469051162
        ],
        [
            0.8995107549559289,
            0.9052524663998294,
            0.9088440286403872,
            0.9102151412176972,
            0.9097981063105264,
            0.9112968984208063,
            0.9117904218514523,
            0.9117465474663026,
            0.911581726871453
        ],
        [
            0.9022419227510549,
            0.906517671790789,
            0.9072700160524455,
            0.9100733102934482,
            0.9104509596976493,
            0.9108080160378376,
            0.9118703721399988,
            0.9121493041776125,
            0.9119130038402514
        ],
        [
            0.8987997489877949,
            0.9056782001012813,
            0.9080628997387622,
            0.9093558499721233,
            0.9105729457049159,
            0.9112807815585156,
            0.9119289558565863,
            0.9118816323868233,
            0.91205946313172
        ],
        [
            0.8980550510423945,
            0.9048894882856914,
            0.9085561315188714,
            0.908991705255837,
            0.9104368717086602,
            0.9112163521507273,
            0.9113609727757666,
            0.9119243148089085,
            0.9121038447351956
        ]
    ],
    "kd_boundfast_params": [
        {
            "c": 0.0001
        },
        {
            "c": 0.001
        },
        {
            "c": 0.001
        },
        {
            "c": 0.0001
        },
        {
            "c": 1e-05
        },
        {
            "c": 0.0001
        },
        {
            "c": 1e-05
        },
        {
            "c": 0.0001
        },
        {
            "c": 1e-05
        }
    ],