{
    "n_trees": [
        1,
        2,
        3,
        5,
        10,
        15,
        20,
        30,
        40
    ],
    "metric": "Accuracy",
    "scratch_classifier": [
        [
            0.7337962962962963,
            0.7092592592592593,
            0.7708333333333334,
            0.787962962962963,
            0.8032407407407407,
            0.8143518518518519,
            0.8134259259259259,
            0.8217592592592593,
            0.8305555555555556
        ],
        [
            0.7435185185185185,
            0.7092592592592593,
            0.7842592592592592,
            0.7962962962962963,
            0.7976851851851852,
            0.8212962962962963,
            0.8212962962962963,
            0.8203703703703704,
            0.8236111111111111
        ],
        [
            0.7282407407407407,
            0.7189814814814814,
            0.7805555555555556,
            0.7967592592592593,
            0.8023148148148148,
            0.8171296296296297,
            0.8208333333333333,
            0.8212962962962963,
            0.8222222222222222
        ],
        [
            0.7351851851851852,
            0.7046296296296296,
            0.7814814814814814,
            0.7976851851851852,
            0.8069444444444445,
            0.8064814814814815,
            0.8217592592592593,
            0.8287037037037037,
            0.8180555555555555
        ],
        [
            0.7453703703703703,
            0.7175925925925926,
            0.774537037037037,
            0.7851851851851852,
            0.8009259259259259,
            0.8138888888888889,
            0.812962962962963,
            0.8180555555555555,
            0.8162037037037037
        ]
    ],
    "scratch_regressor": [
        [
            0.7236111111111111,
            0.7143518518518519,
            0.774537037037037,
            0.7870370370370371,
            0.8106481481481481,
            0.8069444444444445,
            0.8115740740740741,
            0.8180555555555555,
            0.8194444444444444
        ],
        [
            0.7310185185185185,
            0.7199074074074074,
            0.7662037037037037,
            0.7944444444444444,
            0.8023148148148148,
            0.8064814814814815,
            0.8231481481481482,
            0.8101851851851852,
            0.8143518518518519
        ],
        [
            0.7263888888888889,
            0.7097222222222223,
            0.775,
            0.7842592592592592,
            0.8037037037037037,
            0.8152777777777778,
            0.8106481481481481,
            0.8162037037037037,
            0.8148148148148148
        ],
        [
            0.7375,
            0.7273148148148149,
            0.7675925925925926,
            0.7847222222222222,
            0.7967592592592593,
            0.8032407407407407,
            0.8083333333333333,
            0.8148148148148148,
            0.8180555555555555
        ],
        [
            0.7305555555555555,
            0.7129629629629629,
            0.7805555555555556,
            0.7902777777777777,
            0.8023148148148148,
            0.8074074074074075,
            0.812037037037037,
            0.8152777777777778,
            0.8180555555555555
        ]
    ],
    "kd_mse": [
        [
            0.7361111111111112,
            0.7796296296296297,
            0.8055555555555556,
            0.8004629629629629,
            0.8074074074074075,
            0.8125,
            0.812037037037037,
            0.8143518518518519,
            0.8138888888888889
        ],
        [
            0.7458333333333333,
            0.7856481481481481,
            0.7944444444444444,
            0.8148148148148148,
            0.8162037037037037,
            0.8115740740740741,
            0.8152777777777778,
            0.8125,
            0.812037037037037
        ],
        [
            0.736574074074074,
            0.7851851851851852,
            0.8023148148148148,
            0.8055555555555556,
            0.8115740740740741,
            0.8157407407407408,
            0.8106481481481481,
            0.8152777777777778,
            0.8138888888888889
        ],
        [
            0.7421296296296296,
            0.7833333333333333,
            0.8004629629629629,
            0.8032407407407407,
            0.8138888888888889,
            0.8148148148148148,
            0.8074074074074075,
            0.812962962962963,
            0.812962962962963
        ],
        [
            0.7402777777777778,
            0.7833333333333333,
            0.7935185185185185,
            0.8060185185185185,
            0.8152777777777778,
            0.8171296296296297,
            0.8087962962962963,
            0.8111111111111111,
            0.8134259259259259
        ]
    ],
    "kd_boundfast": [
        [
            0.7199074074074074,
            0.7773148148148148,
            0.7976851851851852,
            0.8064814814814815,
            0.812962962962963,
            0.8162037037037037,
            0.8097222222222222,
            0.8115740740740741,
            0.8087962962962963
        ],
        [
            0.7245370370370371,
            0.7833333333333333,
            0.7888888888888889,
            0.8078703703703703,
            0.8101851851851852,
            0.8194444444444444,
            0.812037037037037,
            0.812037037037037,
            0.8143518518518519
        ],
        [
            0.7421296296296296,
            0.7837962962962963,
            0.7930555555555555,
            0.7962962962962963,
            0.8060185185185185,
            0.812962962962963,
            0.8087962962962963,
            0.8097222222222222,
            0.8162037037037037
        ],
        [
            0.7319444444444444,
            0.788425925925926,
            0.7930555555555555,
            0.8050925925925926,
            0.8115740740740741,
            0.8148148148148148,
            0.8055555555555556,
            0.8111111111111111,
            0.8097222222222222
        ],
        [
            0.7171296296296297,
            0.7898148148148149,
            0.7912037037037037,
            0.8064814814814815,
            0.8064814814814815,
            0.8148148148148148,
            0.8101851851851852,
            0.8125,
            0.8166666666666667
        ]
    ],
    "kd_boundfast_params": [
        {
            "c": 0.01
        },
        {
            "c": 0.0001
        },
        {
            "c": 0.01
        },
        {
            "c": 0.001
        },
        {
            "c": 0.0001
        },
        {
            "c": 1e-05
        },
        {
            "c": 0.001
        },
        {
            "c": 0.001
        },
        {
            "c": 0.0001
        }
    ],