{
    "n_trees": [
        1,
        2,
        3,
        5,
        10,
        15,
        20,
        30,
        40
    ],
    "metric": "AUC",
    "scratch_classifier": [
        [
            0.6405023275203223,
            0.6813939159021016,
            0.6985820044100385,
            0.7318760124621984,
            0.7622981017819334,
            0.7672189423221084,
            0.7708014129675611,
            0.7800623567011743,
            0.7811159573184332
        ],
        [
            0.6243884088390922,
            0.6718945978856681,
            0.7050907879195661,
            0.7170716667824636,
            0.7566936778477842,
            0.7682238624770082,
            0.774941309189043,
            0.7814592345694362,
            0.7841252326606135
        ],
        [
            0.6346497017921724,
            0.666411303740488,
            0.700539278962361,
            0.7391453996277431,
            0.754558593907126,
            0.7628527847967032,
            0.7730676827551405,
            0.779971852179605,
            0.7865249737628306
        ],
        [
            0.6257638033108199,
            0.6628425459013336,
            0.6978949928144895,
            0.7423905352382555,
            0.7560686024273495,
            0.767462116087133,
            0.7673304731466685,
            0.7799448836605514,
            0.785212886746847
        ],
        [
            0.6310935140254583,
            0.6744335239718138,
            0.6920604222812989,
            0.7207976648005061,
            0.7569398227208403,
            0.7648617109194162,
            0.7726489850694964,
            0.786343279079377,
            0.7843151550278461
        ]
    ],
    "scratch_regressor": [
        [
            0.6175886852892671,
            0.6750128900379205,
            0.6942697839227403,
            0.7253706571542453,
            0.7538174167266982,
            0.7643639360507849,
            0.7652330994233307,
            0.7677011760102681,
            0.7735293472338527
        ],
        [
            0.6283943766523932,
            0.6685804411501205,
            0.700197372991988,
            0.7285111183433468,
            0.7518537428647698,
            0.750853850738846,
            0.7582973905443802,
            0.7756166648992383,
            0.7791214296423334
        ],
        [
            0.6258707631999474,
            0.6638872331944987,
            0.6961034146716057,
            0.7255162414477798,
            0.7529903059601342,
            0.7616444580150439,
            0.7639182698460875,
            0.7731229910738774,
            0.7736609901743172
        ],
        [
            0.6130428900013529,
            0.6743181078521358,
            0.6986759371331823,
            0.7305801522670011,
            0.7487395645544069,
            0.7609848720320915,
            0.7670975839863676,
            0.7702732413783016,
            0.7742563545144387
        ],
        [
            0.6406481403606284,
            0.684591513784113,
            0.7034169113640768,
            0.7247611229142822,
            0.7551027637704001,
            0.7603979639225209,
            0.7635471098889446,
            0.7717850782726984,
            0.7793209509739749
        ]
    ],
    "kd_mse": [
        [
            0.7438781461748585,
            0.7509153298204171,
            0.7595964503943804,
            0.7721347548333071,
            0.780861127668055,
            0.7799016883207115,
            0.7849982813282773,
            0.7872787210156985,
            0.7888378670918247
        ],
        [
            0.7491205520227304,
            0.756116597249394,
            0.746847882925545,
            0.7661546000065822,
            0.7824138744345752,
            0.7836877941396951,
            0.782299143955212,
            0.7842061382177741,
            0.7871562199460995
        ],
        [
            0.7351090350938139,
            0.7505930788724051,
            0.7620412152106104,
            0.7672817926843092,
            0.7811189284264647,
            0.7810695623237904,
            0.7876965045142559,
            0.7887391348864762,
            0.7888803767913496
        ],
        [
            0.7277690269758326,
            0.7541204697458925,
            0.7562912069829266,
            0.7673023618937568,
            0.7764689158106828,
            0.7834345643167184,
            0.7832530981800364,
            0.788635831745695,
            0.7884433953639745
        ],
        [
            0.7284798074356321,
            0.7470355198250611,
            0.7514270460421184,
            0.7684007576782574,
            0.7805599030230338,
            0.7798765481758311,
            0.7831379106071299,
            0.786838082839977,
            0.7892716488643968
        ]
    ],
    "kd_boundfast": [
        [
            0.7428355158026378,
            0.7512192970266979,
            0.7602441519452073,
            0.7699148800403705,
            0.7831813344937415,
            0.7855920458409973,
            0.7833093206858597,
            0.7865839388299136,
            0.7893068450672294
        ],
        [
            0.7454800304972813,
            0.7356815447567714,
            0.7570252992134334,
            0.7719889419930009,
            0.7801178935666827,
            0.7842171084628127,
            0.7832115026675979,
            0.789038074063781,
            0.7883720887712229
        ],
        [
            0.7537771924948897,
            0.7429895563267231,
            0.761009326536657,
            0.7761795755977869,
            0.7740147805768155,
            0.7850970135336257,
            0.7874300189785239,
            0.7886349175586085,
            0.7872416964386928
        ],
        [
            0.7373753048813934,
            0.7499508624440976,
            0.7565151828191335,
            0.7657592140916455,
            0.7756918567871078,
            0.783355487133731,
            0.783149337945712,
            0.7871685614717681,
            0.7890293892864587
        ],
        [
            0.7532983870083045,
            0.7429897848734948,
            0.7586376966873516,
            0.7736116240716431,
            0.7815357977379355,
            0.7861204459770283,
            0.7795405844215206,
            0.7881216015095058,
            0.7887967286729294
        ]
    ],
    "kd_boundfast_params": [
        {
            "c": 1e-05
        },
        {
            "c": 0.001
        },
        {
            "c": 0.01
        },
        {
            "c": 0.001
        },
        {
            "c": 0.0001
        },
        {
            "c": 0.01
        },
        {
            "c": 1e-05
        },
        {
            "c": 0.01
        },
        {
            "c": 0.01
        }
    ],