{
    "n_trees": [
        1,
        2,
        3,
        5,
        10,
        15,
        20,
        30,
        40
    ],
    "metric": "AUC",
    "scratch_classifier": [
        [
            0.6252536869165201,
            0.6767820705971836,
            0.7171089199062409,
            0.7327552318926964,
            0.7558347990799622,
            0.7677953372801838,
            0.7757832754957636,
            0.7787546120738518,
            0.7794569363031005
        ],
        [
            0.6185869775877894,
            0.6755643733978871,
            0.694002841293465,
            0.73533986733317,
            0.757203108601769,
            0.7659774762585614,
            0.7742289289018419,
            0.7831312827507523,
            0.7814985446141581
        ],
        [
            0.6238056145714108,
            0.6657693158589519,
            0.7097120036421214,
            0.732311394062172,
            0.7600832550179729,
            0.7627179422014356,
            0.7686882695169802,
            0.7759631418050443,
            0.7855312523997411
        ],
        [
            0.6224046228612593,
            0.6756171677021359,
            0.7029033667682024,
            0.7314461159847441,
            0.75137150917661,
            0.769065828783729,
            0.770623146485682,
            0.7834997001466355,
            0.778925107965495
        ],
        [
            0.6202366281854849,
            0.6832499442345877,
            0.7134875963096097,
            0.7211932792622144,
            0.7534919661238834,
            0.7724288945284075,
            0.7720517923552019,
            0.7798450087213448,
            0.7819771215539718
        ]
    ],
    "scratch_regressor": [
        [
            0.6215004918326527,
            0.6706972413490477,
            0.7040543283101801,
            0.7175810975364486,
            0.7465653991157982,
            0.7600364029297868,
            0.7656842507505476,
            0.7693179158728475,
            0.7695622323717305
        ],
        [
            0.6254122983760382,
            0.6771701430154278,
            0.6938604566547335,
            0.7283081688101307,
            0.7547537728501063,
            0.7546447560400342,
            0.7586920908190019,
            0.7752057378038301,
            0.7757695626894653
        ],
        [
            0.6136983621424157,
            0.6776809450500426,
            0.6964700036933158,
            0.7216106056672286,
            0.7508312246084536,
            0.7570010732556396,
            0.7662508181974425,
            0.7723607875904589,
            0.7738954791620196
        ],
        [
            0.6108406133098326,
            0.6747326916958901,
            0.7077298174916901,
            0.7288333692913587,
            0.7473929669759057,
            0.764099278889226,
            0.7692797485619838,
            0.7730187737460095,
            0.7693096881890686
        ],
        [
            0.6324561098779743,
            0.6704581814259124,
            0.6997409650890236,
            0.710305996701613,
            0.7546043032614539,
            0.7569990163346949,
            0.7634376359853292,
            0.7694765273323654,
            0.7729915766801845
        ]
    ],
    "kd_mse": [
        [
            0.7746686528904767,
            0.780987285486,
            0.786948470930679,
            0.7883405493167366,
            0.789971230532386,
            0.7913461679105706,
            0.7900573926652943,
            0.7906472718828963,
            0.7903935849663762
        ],
        [
            0.7732148668760765,
            0.7857634559197271,
            0.788150626949504,
            0.7882872979189445,
            0.7888479231497768,
            0.7899593461002608,
            0.7901730373317439,
            0.7903229640139395,
            0.7906326448895113
        ],
        [
            0.7775844526030563,
            0.7839602218914896,
            0.7888527226319813,
            0.7873509417955367,
            0.790050536262145,
            0.7902121188296942,
            0.7905823645997506,
            0.7907128648063568,
            0.7909750079534277
        ],
        [
            0.776834133551763,
            0.7820971086090825,
            0.7840854655223483,
            0.7920384360818673,
            0.7913356547590752,
            0.7890211616026798,
            0.7901963491024511,
            0.7912894883112039,
            0.7904573495156637
        ],
        [
            0.7789497910168319,
            0.7838393206492923,
            0.7888444949482023,
            0.7882573582918597,
            0.7905828216932939,
            0.7899015237670358,
            0.7898496436498736,
            0.7909672373631919,
            0.7912883455773457
        ]
    ],
    "kd_boundfast": [
        [
            0.7766065009672101,
            0.7841937966921053,
            0.7852654525043241,
            0.7879401353728237,
            0.7912115538620748,
            0.7903709588359837,
            0.7894581430300548,
            0.7918108034973141,
            0.7905684232466805
        ],
        [
            0.7690459452145963,
            0.785586560718478,
            0.7847075698347515,
            0.7883506053746887,
            0.7900313383333274,
            0.7909587811326413,
            0.7902443439244955,
            0.7908449648403646,
            0.7916809889310228
        ],
        [
            0.7768313909905035,
            0.779620347244823,
            0.7856119294101299,
            0.7873977938837227,
            0.7895152797229648,
            0.7904555211414906,
            0.7910556849638166,
            0.7911731580044394,
            0.7909208423685491
        ],
        [
            0.7799533398911019,
            0.776636897687838,
            0.7857785400066553,
            0.7866525028614055,
            0.7879428779340835,
            0.790513572021487,
            0.7902607992920535,
            0.7900043698142737,
            0.7904536927673175
        ],
        [
            0.7770846208134803,
            0.7803690664687146,
            0.7854848574050981,
            0.78870759543199,
            0.7902955384013428,
            0.7889434557003222,
            0.78944214475604,
            0.7900285957720675,
            0.7905766509304596
        ]
    ],
    "kd_boundfast_params": [
        {
            "c": 0.01
        },
        {
            "c": 0.001
        },
        {
            "c": 0.001
        },
        {
            "c": 1e-05
        },
        {
            "c": 0.001
        },
        {
            "c": 1e-05
        },
        {
            "c": 0.001
        },
        {
            "c": 1e-05
        },
        {
            "c": 0.001
        }
    ],