{
    "n_trees": [
        1,
        2,
        3,
        5,
        10,
        15,
        20,
        30,
        40
    ],
    "metric": "AUC",
    "scratch_classifier": [
        [
            0.7844208914963778,
            0.8478729598440062,
            0.8716962260584677,
            0.8957048335839256,
            0.9161148029575588,
            0.9235725048267497,
            0.9282757157898782,
            0.9298016948084676,
            0.9331192842528362
        ],
        [
            0.7788965591255467,
            0.8498272194505194,
            0.8698651713709676,
            0.8985516948084676,
            0.9168049106837752,
            0.9216705706029592,
            0.9269959463846364,
            0.9304651059108462,
            0.9315144834523646
        ],
        [
            0.7731928254425231,
            0.8393868372830098,
            0.871636959553547,
            0.893467589764728,
            0.9171675175770571,
            0.9251536123735647,
            0.9243312896177898,
            0.9308576797643863,
            0.9320794507543397
        ],
        [
            0.7662786668346774,
            0.8434782283693274,
            0.8749004215930836,
            0.8940214112262508,
            0.9130919442403636,
            0.9226570108537795,
            0.9271155472594315,
            0.9291141232615159,
            0.9319818078526517
        ],
        [
            0.783426976190883,
            0.8465161706789912,
            0.8690567976011482,
            0.8999860376657327,
            0.9196617831422567,
            0.9226194353557272,
            0.9279944668577433,
            0.9311688956567796,
            0.931626275564687
        ]
    ],
    "scratch_regressor": [
        [
            0.7889339557562193,
            0.8504461806742072,
            0.8783970786418467,
            0.8962438384192182,
            0.9125522052479156,
            0.9203829256936851,
            0.925270209878178,
            0.9255250291527132,
            0.9279043657522894
        ],
        [
            0.7893337376981956,
            0.8510363095441498,
            0.8762779673831328,
            0.8942294446675095,
            0.916494829397895,
            0.9197105712223209,
            0.9256103916074357,
            0.9257143082157259,
            0.9282069052419355
        ],
        [
            0.7839721212496583,
            0.8460558541424618,
            0.8723551654763533,
            0.900885179956602,
            0.911260155395708,
            0.9211015320658489,
            0.9213234477515035,
            0.9266058419688012,
            0.9296978449417374
        ],
        [
            0.7850071493558639,
            0.8482591932493849,
            0.8743443309185347,
            0.8948739011669627,
            0.915303492559117,
            0.9196495694368507,
            0.9230550575152064,
            0.9284371636225397,
            0.9275947516573264
        ],
        [
            0.7898401726524057,
            0.8467752614133406,
            0.8750719474012439,
            0.89893072012541,
            0.9136917506364475,
            0.9193348162417988,
            0.9247705825630468,
            0.924912408377187,
            0.9262979631543875
        ]
    ],
    "kd_mse": [
        [
            0.8936510623120558,
            0.9038382937440199,
            0.9115570218527884,
            0.9166538077928512,
            0.9199654572384158,
            0.9223582088914707,
            0.9235552187628144,
            0.9233286311679879,
            0.9243808785965693
        ],
        [
            0.8927473148535745,
            0.9035261434697922,
            0.9120005195162999,
            0.915436775453629,
            0.9200130439704073,
            0.9210464702791825,
            0.9229507404575589,
            0.9241309314558844,
            0.924345772536222
        ],
        [
            0.8951770413306451,
            0.906107306545585,
            0.9092428250153772,
            0.9176003365910335,
            0.9215027155805768,
            0.9209609743413408,
            0.9223981870856685,
            0.923060730547772,
            0.9240289503528226
        ],
        [
            0.8910080965520776,
            0.9046949884029867,
            0.9101461720245011,
            0.9166683574528429,
            0.9199307516274262,
            0.9234946174267017,
            0.9255279657813353,
            0.9233023349935073,
            0.9237242751332696
        ],
        [
            0.8975675237706738,
            0.9033082990192727,
            0.9101712001093494,
            0.9113662744754647,
            0.919411836001572,
            0.9220719543423661,
            0.9234434933920518,
            0.9229815083165323,
            0.9235513477523579
        ]
    ],
    "kd_boundfast": [
        [
            0.896006305208618,
            0.9078861025919219,
            0.9081903106205578,
            0.9179355794448811,
            0.9201390520349234,
            0.9220730889488791,
            0.924985490384944,
            0.92422403593152,
            0.9264656179520913
        ],
        [
            0.8958365146810073,
            0.9046992598628006,
            0.9086683804119398,
            0.9168060452902883,
            0.922491625269102,
            0.9208010615645503,
            0.9241725781890718,
            0.9243398992789776,
            0.9268072012541007
        ],
        [
            0.8940392979642222,
            0.9045631070812261,
            0.9091480520007519,
            0.9160014757893657,
            0.9228434867712889,
            0.921562582759534,
            0.9243175408565132,
            0.9243649941053855,
            0.9270544119908419
        ],
        [
            0.8959816775731274,
            0.9078271030532394,
            0.9089867376512096,
            0.9153022244694846,
            0.9225550964922773,
            0.9213075632603198,
            0.924616476301941,
            0.9236569996411974,
            0.9261300413904456
        ],
        [
            0.8925398153447922,
            0.90048960273288,
            0.9096366002169901,
            0.9187009049087617,
            0.9222434801505262,
            0.9226474668107573,
            0.9235353965196145,
            0.923220242875205,
            0.9258537313337205
        ]
    ],
    "kd_boundfast_params": [
        {
            "c": 1e-05
        },
        {
            "c": 0.01
        },
        {
            "c": 1e-05
        },
        {
            "c": 0.01
        },
        {
            "c": 0.1
        },
        {
            "c": 1e-05
        },
        {
            "c": 1.0
        },
        {
            "c": 0.01
        },
        {
            "c": 1.0
        }
    ],