{
    "n_trees": [
        1,
        2,
        3,
        5,
        10,
        15,
        20,
        30,
        40
    ],
    "metric": "Accuracy",
    "scratch_classifier": [
        [
            0.7310185185185185,
            0.7208333333333333,
            0.7782407407407408,
            0.7907407407407407,
            0.8092592592592592,
            0.8199074074074074,
            0.8194444444444444,
            0.8236111111111111,
            0.825
        ],
        [
            0.7296296296296296,
            0.7129629629629629,
            0.774074074074074,
            0.7907407407407407,
            0.8064814814814815,
            0.812037037037037,
            0.8106481481481481,
            0.8203703703703704,
            0.8282407407407407
        ],
        [
            0.7361111111111112,
            0.7129629629629629,
            0.7796296296296297,
            0.7967592592592593,
            0.8041666666666667,
            0.8106481481481481,
            0.8134259259259259,
            0.8185185185185185,
            0.8240740740740741
        ],
        [
            0.725462962962963,
            0.7236111111111111,
            0.7814814814814814,
            0.7847222222222222,
            0.7921296296296296,
            0.812962962962963,
            0.8189814814814815,
            0.8245370370370371,
            0.8203703703703704
        ],
        [
            0.725462962962963,
            0.7296296296296296,
            0.7916666666666666,
            0.7930555555555555,
            0.8060185185185185,
            0.8231481481481482,
            0.8226851851851852,
            0.8212962962962963,
            0.8212962962962963
        ]
    ],
    "scratch_regressor": [
        [
            0.7375,
            0.7013888888888888,
            0.7689814814814815,
            0.7814814814814814,
            0.7958333333333333,
            0.8143518518518519,
            0.8148148148148148,
            0.8115740740740741,
            0.8217592592592593
        ],
        [
            0.725462962962963,
            0.7134259259259259,
            0.7671296296296296,
            0.7916666666666666,
            0.8009259259259259,
            0.8138888888888889,
            0.8111111111111111,
            0.8185185185185185,
            0.8157407407407408
        ],
        [
            0.7263888888888889,
            0.7356481481481482,
            0.7782407407407408,
            0.7814814814814814,
            0.8027777777777778,
            0.8166666666666667,
            0.8217592592592593,
            0.8199074074074074,
            0.8180555555555555
        ],
        [
            0.7231481481481481,
            0.7314814814814815,
            0.7726851851851851,
            0.7847222222222222,
            0.7976851851851852,
            0.8074074074074075,
            0.812962962962963,
            0.8138888888888889,
            0.8157407407407408
        ],
        [
            0.7282407407407407,
            0.7166666666666667,
            0.774537037037037,
            0.7736111111111111,
            0.8032407407407407,
            0.8166666666666667,
            0.8171296296296297,
            0.8208333333333333,
            0.8175925925925925
        ]
    ],
    "kd_mse": [
        [
            0.8138888888888889,
            0.8222222222222222,
            0.8314814814814815,
            0.8314814814814815,
            0.8268518518518518,
            0.825925925925926,
            0.8291666666666667,
            0.8277777777777777,
            0.8263888888888888
        ],
        [
            0.8231481481481482,
            0.8236111111111111,
            0.825925925925926,
            0.825462962962963,
            0.8263888888888888,
            0.8291666666666667,
            0.8282407407407407,
            0.8245370370370371,
            0.8291666666666667
        ],
        [
            0.8268518518518518,
            0.8236111111111111,
            0.8208333333333333,
            0.8282407407407407,
            0.8222222222222222,
            0.8273148148148148,
            0.8273148148148148,
            0.8268518518518518,
            0.8268518518518518
        ],
        [
            0.825462962962963,
            0.8240740740740741,
            0.8273148148148148,
            0.825462962962963,
            0.825462962962963,
            0.8236111111111111,
            0.8268518518518518,
            0.8277777777777777,
            0.8268518518518518
        ],
        [
            0.825462962962963,
            0.825925925925926,
            0.8300925925925926,
            0.8287037037037037,
            0.8273148148148148,
            0.8305555555555556,
            0.8282407407407407,
            0.8291666666666667,
            0.825925925925926
        ]
    ],
    "kd_boundfast": [
        [
            0.8240740740740741,
            0.8245370370370371,
            0.8273148148148148,
            0.8291666666666667,
            0.8263888888888888,
            0.8277777777777777,
            0.8268518518518518,
            0.8277777777777777,
            0.8273148148148148
        ],
        [
            0.8185185185185185,
            0.8236111111111111,
            0.825462962962963,
            0.8305555555555556,
            0.8277777777777777,
            0.8296296296296296,
            0.8287037037037037,
            0.8268518518518518,
            0.8245370370370371
        ],
        [
            0.8143518518518519,
            0.8300925925925926,
            0.8296296296296296,
            0.8282407407407407,
            0.825925925925926,
            0.8287037037037037,
            0.8273148148148148,
            0.825925925925926,
            0.8263888888888888
        ],
        [
            0.8236111111111111,
            0.8231481481481482,
            0.825462962962963,
            0.8277777777777777,
            0.8282407407407407,
            0.8273148148148148,
            0.8287037037037037,
            0.8268518518518518,
            0.825462962962963
        ],
        [
            0.8175925925925925,
            0.8282407407407407,
            0.8222222222222222,
            0.825462962962963,
            0.825925925925926,
            0.825462962962963,
            0.8291666666666667,
            0.8282407407407407,
            0.8268518518518518
        ]
    ],
    "kd_boundfast_params": [
        {
            "c": 0.001
        },
        {
            "c": 0.0001
        },
        {
            "c": 0.01
        },
        {
            "c": 0.01
        },
        {
            "c": 1e-05
        },
        {
            "c": 1e-05
        },
        {
            "c": 0.1
        },
        {
            "c": 0.001
        },
        {
            "c": 0.01
        }
    ],