{
    "n_trees": [
        1,
        2,
        3,
        5,
        10,
        15,
        20,
        30,
        40
    ],
    "metric": "AUC",
    "scratch_classifier": [
        [
            0.7384972520940002,
            0.8027090251791292,
            0.8388929787593196,
            0.8596768963472976,
            0.8872307583684937,
            0.8942129229490728,
            0.896710795675416,
            0.9027197350940707,
            0.9036724559551895
        ],
        [
            0.73872131578926,
            0.8006496680560391,
            0.8305393211876863,
            0.8617028277827419,
            0.8856011039302522,
            0.8957962683542025,
            0.8983679286664379,
            0.9018815441308348,
            0.9032006161079555
        ],
        [
            0.7387604350026091,
            0.7999420097288532,
            0.8330435721844716,
            0.8609276586964407,
            0.8849680193773632,
            0.8927226774675766,
            0.8982540581523781,
            0.901405240762337,
            0.9041910486515702
        ],
        [
            0.742032715987765,
            0.8068779540395273,
            0.8337321844635375,
            0.8673117875104182,
            0.8890944053007156,
            0.8922495949354452,
            0.8965676713444369,
            0.9018335993186232,
            0.9059713088910909
        ],
        [
            0.7422009856672275,
            0.8037484930543551,
            0.8348746176588262,
            0.8625742288658356,
            0.8840557618581558,
            0.8942710501691675,
            0.8987735511612864,
            0.9029193635465029,
            0.9055077620634777
        ]
    ],
    "scratch_regressor": [
        [
            0.740045168299098,
            0.8060019499501303,
            0.8333648062304264,
            0.8589972998739663,
            0.882919580128728,
            0.8892981168606674,
            0.8950864670295915,
            0.8985987510458842,
            0.9001208244773014
        ],
        [
            0.743508087291868,
            0.8083230824509764,
            0.8396125440366949,
            0.8612644770254444,
            0.8814030607379743,
            0.8917390923713553,
            0.8944723270811573,
            0.8988135199653307,
            0.8991857294529915
        ],
        [
            0.7384405197243004,
            0.8065827910154998,
            0.8351060106588887,
            0.8614757714993617,
            0.8817641875052245,
            0.8897752698198604,
            0.8929299902776391,
            0.897112246299538,
            0.9012614950889093
        ],
        [
            0.7393473880488001,
            0.8069763670751193,
            0.8348600224515119,
            0.8564503791355539,
            0.8829401605122824,
            0.890013776556937,
            0.8942955995361184,
            0.8982384611888711,
            0.9001709630087704
        ],
        [
            0.7388177760342994,
            0.8060444294848852,
            0.8336090572150386,
            0.8597721139074396,
            0.8815956261752248,
            0.8879607469824568,
            0.8937250676832134,
            0.896987990490265,
            0.9006791070076472
        ]
    ],
    "kd_mse": [
        [
            0.8893180124994826,
            0.8950507588594809,
            0.9002271501187702,
            0.9041700751738136,
            0.9081909850463921,
            0.9086670728471017,
            0.9091618009212707,
            0.910121090259704,
            0.9101602475144273
        ],
        [
            0.8900158307911552,
            0.8952258886667948,
            0.8983630593705136,
            0.902661227460232,
            0.9072525677420507,
            0.908229064462174,
            0.9083861246166444,
            0.9092288171425187,
            0.9102084078944271
        ],
        [
            0.8886275995953615,
            0.8960421043960816,
            0.9004444551298437,
            0.9039960232054413,
            0.9072366537670903,
            0.9078269671346872,
            0.9094849116750297,
            0.9089334639116191,
            0.9102730401895454
        ],
        [
            0.8898884429087226,
            0.895344742600902,
            0.9008787608209958,
            0.9032720704895508,
            0.9077776528329969,
            0.9088638355159953,
            0.9090447602926771,
            0.9092939566559622,
            0.9100380205784562
        ],
        [
            0.8845934766854053,
            0.8958817726834121,
            0.9002570759999707,
            0.9034808288718409,
            0.9074775317498383,
            0.9085909520569123,
            0.9091869843111284,
            0.9097217953134651,
            0.9096210110322014
        ]
    ],
    "kd_boundfast": [
        [
            0.88922327679675,
            0.8941360286509373,
            0.8986094026307184,
            0.9027860665705791,
            0.906552682535702,
            0.9085298956509883,
            0.9088219139213982,
            0.9096460676174779,
            0.910166017122879
        ],
        [
            0.8882181476021557,
            0.8959835206794942,
            0.9007024770919915,
            0.9042049591141451,
            0.9073872849292856,
            0.9090384327440675,
            0.9088478074169115,
            0.9099394300164501,
            0.9093886416368625
        ],
        [
            0.8893093517465758,
            0.893780214995646,
            0.8986385042821399,
            0.9034064960262489,
            0.9065741125099516,
            0.9084615987034688,
            0.908889767052883,
            0.9095621356650768,
            0.9096862519893102
        ],
        [
            0.886192064001214,
            0.8951861988328299,
            0.9003460040528771,
            0.9045161502372565,
            0.9053960472273012,
            0.9093342805128342,
            0.9083786938681768,
            0.9095838319289471,
            0.9091324583411445
        ],
        [
            0.8865724904257468,
            0.8946248603120732,
            0.899186439558647,
            0.9033432078596928,
            0.9065399259948175,
            0.9093889459678578,
            0.9089922378350785,
            0.9096820927990417,
            0.9096814968175094
        ]
    ],
    "kd_boundfast_params": [
        {
            "c": 0.0001
        },
        {
            "c": 0.01
        },
        {
            "c": 0.001
        },
        {
            "c": 0.0001
        },
        {
            "c": 0.001
        },
        {
            "c": 0.0001
        },
        {
            "c": 0.001
        },
        {
            "c": 0.001
        },
        {
            "c": 0.001
        }
    ],