{
    "n_trees": [
        10,
        20,
        30,
        50,
        75,
        100,
        200
    ],
    "max_depth": [
        1,
        2,
        3,
        5,
        10,
        15,
        20
    ],
    "metric": "AUC",
    "scratch_classifier": [
        [
            0.9183017236408215
        ],
        [
            0.9134063637276175
        ],
        [
            0.915808258974337
        ],
        [
            0.9164714698520366
        ],
        [
            0.9181119106453322
        ]
    ],
    "scratch_regressor": [
        [
            0.9120925561269819
        ],
        [
            0.9124677104334677
        ],
        [
            0.9129944348217947
        ],
        [
            0.9149647124026107
        ],
        [
            0.9123774091033352
        ]
    ],
    "kd_mse": [
        [
            0.8146173092366047,
            0.8636150912810963,
            0.8745896728916074,
            0.889662319744396,
            0.9136544421046336,
            0.9176577343322854,
            0.9168241322529388
        ],
        [
            0.813381722743815,
            0.8627034015770231,
            0.874409604163819,
            0.890089866175164,
            0.9133418246394889,
            0.9166173669013122,
            0.9175139730129169
        ],
        [
            0.8163908326997334,
            0.8628651831174823,
            0.8750596669542783,
            0.8898341125187943,
            0.9136214717741936,
            0.9170877614133406,
            0.9151921676377118
        ],
        [
            0.8126177988526859,
            0.863127343963573,
            0.8740305121053171,
            0.8893842076655618,
            0.9131753711898578,
            0.9161428344125888,
            0.9157840317882039
        ],
        [
            0.8114428136960088,
            0.8623188367106343,
            0.8748649150833789,
            0.889537246061714,
            0.9133089877921678,
            0.9168952787554675,
            0.9170489178256562
        ]
    ],
    "kd_mixed": null,
    "kd_mixed_params": null,
    "kd_ortholoss": [
        [
            0.9119246343630398,
            0.9072413791262303,
            0.9078632769785401,
            0.901097952048592,
            0.8807453804162111,
            0.8768172391846636,
            0.8676996747283352
        ],
        [
            0.907597378605112,
            0.9063335604326134,
            0.9109535446709268,
            0.9086825963641333,
            0.8890543041364816,
            0.869166520725123,
            0.854596437816088
        ],
        [
            0.9110895639693822,
            0.9111091859879031,
            0.9091029347064653,
            0.9045408821418809,
            0.8831380653277063,
            0.8654240545123701,
            0.8656999641197375
        ],
        [
            0.9129230880945871,
            0.9132441149962411,
            0.9122770297977036,
            0.9079083942728268,
            0.8836522423028293,
            0.8653008495933571,
            0.8540351412998906
        ],
        [
            0.9131855159069164,
            0.9125016818873017,
            0.9108860022126161,
            0.9060964944129306,
            0.894778193770503,
            0.8767930787400903,
            0.862161994045585
        ]
    ],
    "kd_boundfast": [
        [
            0.912790472615671,
            0.9152813343613314,
            0.9184767867516402,
            0.9181298641248632,
            0.9180017203304401,
            0.9176090129937806,
            0.9159488834404046
        ],
        [
            0.913760294218152,
            0.9194929937380399,
            0.9150580171029251,
            0.918501080679333,
            0.9199133320803718,
            0.9170001964871515,
            0.9150704310330098
        ],
        [
            0.9108240660453116,
            0.9178631648527201,
            0.9205063975789365,
            0.9197069671781026,
            0.9187253323195735,
            0.9173883653977584,
            0.9155806035145571
        ],
        [
            0.9141607435757245,
            0.9161692640701887,
            0.9162803220253554,
            0.915538556332012,
            0.918249331516539,
            0.9164406352515037,
            0.9159654353471843
        ],
        [
            0.9128790386652541,
            0.9158068574015855,
            0.9197343312175371,
            0.918854410495831,
            0.9193096546738315,
            0.9171610436457763,
            0.9148306953509431
        ]
    ],
    "kd_boundfast_params": [
        {
            "c": 1.0
        },
        {
            "c": 1.0
        },
        {
            "c": 1.0
        },
        {
            "c": 1.0
        },
        {
            "c": 0.1
        },
        {
            "c": 0.0001
        },
        {
            "c": 0.0001
        }
    ],
    "kd_boundslow": [
        [
            0.9134484776517223,
            0.9184886667492482,
            0.9200222543056316,
            0.9138426533026927,
            0.9141978518828594,
            0.9164079318873019,
            0.9148476477070805
        ],
        [
            0.9146439524671952,
            0.9133017797037316,
            0.9177481024039775,
            0.9161077283522417,
            0.9163706900970475,
            0.9175740404165529,
            0.9151015325997812
        ],
        [
            0.9127400827381765,
            0.916267507645913,
            0.9192646041211046,
            0.9158717969390717,
            0.9165813264591307,
            0.9167334972150083,
            0.9138917750905549
        ],
        [
            0.9159544897314106,
            0.9180301522348278,
            0.9169079596517906,
            0.9159624987185622,
            0.9141196307750137,
            0.9165494239936441,
            0.9126147420892564
        ],
        [
            0.9172906557545107,
            0.9149946126213095,
            0.9165023044525699,
            0.9188742994805906,
            0.9147197708788956,
            0.916960685483871,
            0.9142337588419218
        ]
    ],
    "kd_boundslow_params": [
        {
            "c": 0.1
        },
        {
            "c": 0.1
        },
        {
            "c": 0.1
        },
        {
            "c": 0.1
        },
        {
            "c": 0.001
        },
        {
            "c": 1e-05
        },
        {
            "c": 1e-05
        }
    ],
    "kd_relerr": [
        [
            0.9141010766214461,
            0.9172614229514079,
            0.9176785576988791,
            0.9192660724354156,
            0.9191066935911016,
            0.9184869314686988,
            0.9188366572409786
        ],
        [
            0.9172383971133473,
            0.9150476054196283,
            0.9196885465076544,
            0.9197921294081465,
            0.9191196414536631,
            0.9182421234281029,
            0.9178583594604293
        ],
        [
            0.9159680382680084,
            0.918134002101558,
            0.9191273834745763,
            0.9199539109486059,
            0.9187612392786358,
            0.9177920183501913,
            0.9162633696692184
        ],
        [
            0.9152288754954894,
            0.9145310257483598,
            0.916700526884568,
            0.9195786899005605,
            0.9186288240243985,
            0.9196878790920585,
            0.9164782774911153
        ],
        [
            0.9148472472577229,
            0.9159580937756288,
            0.9186880237877597,
            0.9170012643521048,
            0.9190655807903909,
            0.9188944554315883,
            0.9184964087701613
        ]
    ],