{
    "n_trees": [
        10,
        20,
        30,
        50,
        75,
        100,
        200
    ],
    "max_depth": [
        1,
        2,
        3,
        5,
        10,
        15,
        20
    ],
    "metric": "AUC",
    "scratch_classifier": [
        [
            0.7561629922440368
        ],
        [
            0.7500210263029908
        ],
        [
            0.7623831211809835
        ],
        [
            0.7581161529544699
        ],
        [
            0.7492030574072923
        ]
    ],
    "scratch_regressor": [
        [
            0.7345017863215672
        ],
        [
            0.7533479816577503
        ],
        [
            0.7417396340326255
        ],
        [
            0.7457963392292306
        ],
        [
            0.7537223412696963
        ]
    ],
    "kd_mse": [
        [
            0.7556094519631253,
            0.7702378166286975,
            0.7784527017885156,
            0.787233925848457,
            0.7898123905260963,
            0.7864436111121269,
            0.7787050174244059
        ],
        [
            0.7554686671517953,
            0.7699896148346966,
            0.7791735383062673,
            0.7877618688909449,
            0.7898640420964869,
            0.7854695447713983,
            0.7799190578753561
        ],
        [
            0.755635734841864,
            0.7699724738268237,
            0.7789372209443919,
            0.7871612479750756,
            0.7896780050243722,
            0.7804200323987903,
            0.7793623179396418
        ],
        [
            0.7553029707423564,
            0.7706613137965459,
            0.7784732709979633,
            0.7862795145300896,
            0.7913025154771873,
            0.783231157689959,
            0.7827013862732981
        ],
        [
            0.7562406981463943,
            0.7704421374425433,
            0.7774756643397559,
            0.7871571341331862,
            0.7902987380561458,
            0.7855947884022569,
            0.7793024386854721
        ]
    ],
    "kd_mixed": null,
    "kd_mixed_params": null,
    "kd_ortholoss": [
        [
            0.7491520914772167,
            0.7405322214380528,
            0.7473762830615759,
            0.742745468374612,
            0.7751899680765868,
            0.7679235520190736,
            0.7742159017358585
        ],
        [
            0.7442355933257029,
            0.7466097371894964,
            0.7460630533117342,
            0.7491008970003694,
            0.7669229742528348,
            0.7702734699250733,
            0.7739274757100492
        ],
        [
            0.7510174902273401,
            0.7440829240822476,
            0.7426380513919414,
            0.7404165767716031,
            0.7725804210380046,
            0.7724944874518681,
            0.7690192052423144
        ],
        [
            0.7517360412773753,
            0.7428382583638977,
            0.7482388185777442,
            0.7348171808664299,
            0.7690694855320752,
            0.7749536507147115,
            0.7800767551477874
        ],
        [
            0.7458573612172583,
            0.7451726350894258,
            0.7452645108916249,
            0.735710341649998,
            0.7688263117670504,
            0.7696266825613328,
            0.7732985149944966
        ]
    ],
    "kd_boundfast": [
        [
            0.7731844701554484,
            0.7776491313394304,
            0.7796301747560035,
            0.7866392471486505,
            0.7922349863054774,
            0.7851980312066904,
            0.7867375222604556
        ],
        [
            0.7712959881813894,
            0.775157514435014,
            0.7806289241480691,
            0.7856839216431964,
            0.7919602730859665,
            0.7839611360785763,
            0.7832992646279076
        ],
        [
            0.7692671784895435,
            0.7757908175392277,
            0.7804648275660317,
            0.7866890703448679,
            0.7905245422665257,
            0.7810329948403281,
            0.7797087948454475
        ],
        [
            0.7756534609294723,
            0.7785985146288218,
            0.7785637755195326,
            0.7859897172236504,
            0.7895193935648543,
            0.7818415933183894,
            0.7794468802451484
        ],
        [
            0.7674376615825677,
            0.7772907700014993,
            0.7794313390646768,
            0.7869244735196568,
            0.7883716316776795,
            0.7825592301813381,
            0.7787004464889731
        ]
    ],
    "kd_boundfast_params": [
        {
            "c": 0.1
        },
        {
            "c": 0.1
        },
        {
            "c": 0.01
        },
        {
            "c": 0.0001
        },
        {
            "c": 0.001
        },
        {
            "c": 0.0001
        },
        {
            "c": 1e-05
        }
    ],
    "kd_boundslow": [
        [
            0.7706494293644206,
            0.7788604292291209,
            0.7792055348542969,
            0.787672278556462,
            0.786623705968179,
            0.7844132015928797,
            0.7799830509714153
        ],
        [
            0.7701132586381538,
            0.7740202656993348,
            0.7805073372655568,
            0.7871214808368103,
            0.7892103983295974,
            0.786479721502046,
            0.7797188509033997
        ],
        [
            0.773567743091488,
            0.7738755955928869,
            0.7801759444466791,
            0.786874193229896,
            0.7919785568276977,
            0.7841448876829745,
            0.7754514255833428
        ],
        [
            0.7704681917745102,
            0.7761416368336947,
            0.7796324602237199,
            0.7867686046213986,
            0.7879716748273101,
            0.7854997129452548,
            0.7824285014279602
        ],
        [
            0.7674947982754774,
            0.775890921025206,
            0.7794505369934946,
            0.7864582381055119,
            0.7883515195617752,
            0.7856564960305996,
            0.7774036721066894
        ]
    ],
    "kd_boundslow_params": [
        {
            "c": 0.01
        },
        {
            "c": 0.01
        },
        {
            "c": 0.0001
        },
        {
            "c": 1e-05
        },
        {
            "c": 0.001
        },
        {
            "c": 1e-05
        },
        {
            "c": 0.001
        }
    ],
    "kd_relerr": [
        [
            0.7637320042272011,
            0.776083128860155,
            0.7825510024975592,
            0.787036004344217,
            0.7882084492827288,
            0.7839839907557402,
            0.7822900020843466
        ],
        [
            0.7698449447282487,
            0.7750599249635239,
            0.7798015848347333,
            0.7878258619870039,
            0.7895710451352448,
            0.7853447582340831,
            0.7822580055363171
        ],
        [
            0.7631073859003097,
            0.7760337627574807,
            0.7822374363268694,
            0.7873710539114408,
            0.7896793763050021,
            0.7837650429485093,
            0.7741130556886205
        ],
        [
            0.7658570321099072,
            0.7770960481520621,
            0.7805548749940576,
            0.786566569275269,
            0.7891189796209415,
            0.7865117180500755,
            0.7766384975152395
        ],
        [
            0.7710471007470736,
            0.7772743146339411,
            0.7806211535578332,
            0.7867777464922641,
            0.7914711829946576,
            0.7785701748291384,
            0.7788828268127415
        ]
    ],