{
    "n_trees": [
        10,
        20,
        30,
        50,
        75,
        100,
        200
    ],
    "max_depth": [
        1,
        2,
        3,
        5,
        10,
        15,
        20
    ],
    "metric": "AUC",
    "scratch_classifier": [
        [
            0.9201236347346569
        ],
        [
            0.9166453983563423
        ],
        [
            0.9203348050292168
        ],
        [
            0.9169231767273782
        ],
        [
            0.9176998482563901
        ]
    ],
    "scratch_regressor": [
        [
            0.9140283950630468
        ],
        [
            0.9167484473243575
        ],
        [
            0.9157301713496104
        ],
        [
            0.9133448280096705
        ],
        [
            0.9138722198135936
        ]
    ],
    "kd_mse": [
        [
            0.8191597397826681,
            0.865347034752597,
            0.8754507057519478,
            0.8897434774808639,
            0.9163688213333789,
            0.9198029415408009,
            0.9207951215657462
        ],
        [
            0.8273901086872949,
            0.8649005337189037,
            0.8749711009046952,
            0.890185373346945,
            0.9158783376119123,
            0.9204014798472526,
            0.9202859502075929
        ],
        [
            0.8197729612322308,
            0.8653679248607504,
            0.8748187966656985,
            0.8895450548241867,
            0.9159208519853747,
            0.920328331097936,
            0.9184448842861537
        ],
        [
            0.8242098066310142,
            0.8651367988398715,
            0.8750099444923798,
            0.890262259623599,
            0.9156793810227584,
            0.9214624036785811,
            0.9198977145554263
        ],
        [
            0.8237979444667509,
            0.8652788248786905,
            0.8747790854377392,
            0.8895791597611399,
            0.9155460313866867,
            0.919206939413614,
            0.9210093619720475
        ]
    ],
    "kd_mixed": null,
    "kd_mixed_params": null,
    "kd_ortholoss": [
        [
            0.9129200179828458,
            0.9078017412605932,
            0.9119642788494396,
            0.9077289929606343,
            0.9046954555939039,
            0.9189549232845817,
            0.9188839102651722
        ],
        [
            0.9107146098875752,
            0.9133456289083857,
            0.9122950500187944,
            0.9011737704602925,
            0.906267486288614,
            0.9188307839837342,
            0.9206337404746447
        ],
        [
            0.9126184796165938,
            0.9135313706687397,
            0.9106951213521732,
            0.9045452870848142,
            0.9030201089649399,
            0.9140207197836933,
            0.9195712148458858
        ],
        [
            0.9145716046165937,
            0.9111508327210908,
            0.9074792460446283,
            0.9048745231982982,
            0.9011098320462002,
            0.9149464252152817,
            0.919921875
        ],
        [
            0.9112919911196351,
            0.9133866082259773,
            0.9107267568514216,
            0.9071133688149262,
            0.9083940058604429,
            0.9148982378092538,
            0.9177738646459814
        ]
    ],
    "kd_boundfast": [
        [
            0.912009596368405,
            0.9166003478036154,
            0.9185838402132313,
            0.918594785829005,
            0.9197440754852378,
            0.9203693104155275,
            0.9208477139147075
        ],
        [
            0.9147654888472183,
            0.9155133947640445,
            0.9170793519768317,
            0.9165322046712685,
            0.9188763017273784,
            0.9198216291774877,
            0.9184658411358667
        ],
        [
            0.9136411605342742,
            0.9193161953466717,
            0.9183148717280619,
            0.9155136617302829,
            0.919909995002392,
            0.9198038759226355,
            0.919949239039434
        ],
        [
            0.9122220347525971,
            0.9166884466622813,
            0.9183653283471158,
            0.9187743873658761,
            0.9181620335565883,
            0.9196772004425231,
            0.9218023851831603
        ],
        [
            0.9141267721218904,
            0.9161948928290733,
            0.91734191327228,
            0.9197261887472663,
            0.9179878380860443,
            0.922918037093357,
            0.9209408851319025
        ]
    ],
    "kd_boundfast_params": [
        {
            "c": 1.0
        },
        {
            "c": 1.0
        },
        {
            "c": 1.0
        },
        {
            "c": 1.0
        },
        {
            "c": 0.1
        },
        {
            "c": 1e-05
        },
        {
            "c": 0.01
        }
    ],
    "kd_boundslow": [
        [
            0.9156036960941772,
            0.9191411322358529,
            0.9169672261567113,
            0.9138891054281713,
            0.9164750738962547,
            0.9202425014522964,
            0.9227880245352651
        ],
        [
            0.9134869207900491,
            0.9137526189387986,
            0.9166622172293604,
            0.9163738936919082,
            0.9164359633423318,
            0.9188143655600738,
            0.9208506505433297
        ],
        [
            0.9141226341451955,
            0.9176624729830167,
            0.9193151942232777,
            0.9165750527525287,
            0.9176040741183707,
            0.9190052464205167,
            0.9205229494857163
        ],
        [
            0.9142120010934937,
            0.9153641606367893,
            0.9173857624769342,
            0.9178883264206875,
            0.9171833353266813,
            0.9190952807844108,
            0.9222208547618234
        ],
        [
            0.9120988298335839,
            0.917250343852515,
            0.9177147983657394,
            0.9141311770648238,
            0.9158741328936577,
            0.9201606763002322,
            0.9207580132586113
        ]
    ],
    "kd_boundslow_params": [
        {
            "c": 0.1
        },
        {
            "c": 0.1
        },
        {
            "c": 0.1
        },
        {
            "c": 0.1
        },
        {
            "c": 0.001
        },
        {
            "c": 0.0001
        },
        {
            "c": 0.0001
        }
    ],
    "kd_relerr": [
        [
            0.9191090962872471,
            0.9171250699451545,
            0.9172101654336386,
            0.9186911606410606,
            0.920061097893316,
            0.921434906156028,
            0.9191799758235376
        ],
        [
            0.9164782107495557,
            0.9180599857119668,
            0.9169705632346911,
            0.9192105434578322,
            0.9191272499914571,
            0.9204034820940403,
            0.920236761678171
        ],
        [
            0.914569735852925,
            0.9178023632919287,
            0.9163722918944778,
            0.9196482346056587,
            0.9191793084079415,
            0.9209920091665528,
            0.9208262231325177
        ],
        [
            0.9158457677308297,
            0.919475307224747,
            0.916540547366218,
            0.9183440377896049,
            0.9178885266453664,
            0.9215192674873565,
            0.921253769563286
        ],
        [
            0.9135881677359553,
            0.9175082999803514,
            0.9164309577253622,
            0.9193382868028978,
            0.9191591524569437,
            0.9212032462026721,
            0.9206306703629032
        ]
    ],