{
    "n_trees": [
        10,
        20,
        30,
        50,
        75,
        100,
        200
    ],
    "max_depth": [
        1,
        2,
        3,
        5,
        10,
        15,
        20
    ],
    "metric": "AUC",
    "scratch_classifier": [
        [
            0.9191379286409923
        ],
        [
            0.9144879107008611
        ],
        [
            0.9183155391436577
        ],
        [
            0.9162514229300506
        ],
        [
            0.9172611559851696
        ]
    ],
    "scratch_regressor": [
        [
            0.9161724009234896
        ],
        [
            0.9145276219288204
        ],
        [
            0.9131836471432476
        ],
        [
            0.9145958985442866
        ],
        [
            0.9124725158257586
        ]
    ],
    "kd_mse": [
        [
            0.8028916848559662,
            0.8627195530344449,
            0.8749970633713777,
            0.8890797994122471,
            0.9156134403618781,
            0.9211922338453391,
            0.921272724166211
        ],
        [
            0.8108010936004989,
            0.8624540551103745,
            0.8744399048318753,
            0.889050967058502,
            0.9145340958601011,
            0.9211800201399329,
            0.9217282353104498
        ],
        [
            0.8077848422977036,
            0.8637248144050711,
            0.8748318112698195,
            0.8891823144477857,
            0.9151371725926053,
            0.9208861570530344,
            0.9211268271169354
        ],
        [
            0.8064921250299002,
            0.8627704101028568,
            0.874489293585976,
            0.8890469625649262,
            0.91533432715965,
            0.9201503981000547,
            0.9211884295764421
        ],
        [
            0.806289097205611,
            0.863229458549754,
            0.8745079812226626,
            0.8889814223534036,
            0.9153363294064379,
            0.9204054843408284,
            0.9208405725678308
        ]
    ],
    "kd_mixed": [
        [
            0.9172231132962002,
            0.9171327452245078,
            0.9191351254954894,
            0.9214905686167305,
            0.9206163209275902,
            0.9226740299514763,
            0.9219502177376641
        ],
        [
            0.9166167662272758,
            0.9213437371856206,
            0.9202097980880946,
            0.919686811227105,
            0.921194369575246,
            0.9213178414604974,
            0.9224523144905001
        ],
        [
            0.9182058160196829,
            0.920864132338368,
            0.9179910416809048,
            0.9189708077757655,
            0.9217886364218835,
            0.9223830367516401,
            0.9220712869267702
        ],
        [
            0.9172188418363861,
            0.9179926434783352,
            0.920200320786632,
            0.9200987401329279,
            0.921994600874795,
            0.9236214931314926,
            0.9227521843177625
        ],
        [
            0.9183565184612494,
            0.9192448486194643,
            0.9215920157873155,
            0.9181998092793193,
            0.9206837299027817,
            0.9226078223243576,
            0.9235746405566567
        ]
    ],
    "kd_mixed_params": [
        {
            "alpha": 0.2
        },
        {
            "alpha": 0.2
        },
        {
            "alpha": 0.30000000000000004
        },
        {
            "alpha": 0.4
        },
        {
            "alpha": 0.8
        },
        {
            "alpha": 0.9
        },
        {
            "alpha": 0.9
        }
    ],
    "kd_ortholoss": null,
    "kd_boundfast": [
        [
            0.9131438691737288,
            0.9187477574835977,
            0.9204764973602377,
            0.9199338884807271,
            0.9207629521340213,
            0.9209039103078868,
            0.9208419741405822
        ],
        [
            0.9180465706584882,
            0.9204538052299753,
            0.9206322721603335,
            0.9173264292304537,
            0.9207195701202843,
            0.9201080839512712,
            0.9215549074801805
        ],
        [
            0.9199748677983187,
            0.9213832481889012,
            0.9195040728369327,
            0.9204839724149125,
            0.9217732858631766,
            0.9212705884363039,
            0.9202530466187124
        ],
        [
            0.9181062376127666,
            0.9177198039827092,
            0.9190547686577365,
            0.9219534880740842,
            0.9207433301155001,
            0.9208609287435073,
            0.9214043385217332
        ],
        [
            0.9129218867465145,
            0.9216325946555495,
            0.9196509042680426,
            0.9183103333020094,
            0.9195582002417646,
            0.9209036433416485,
            0.9209727875973891
        ]
    ],
    "kd_boundfast_params": [
        {
            "c": 10.0
        },
        {
            "c": 10.0
        },
        {
            "c": 10.0
        },
        {
            "c": 100.0
        },
        {
            "c": 0.1
        },
        {
            "c": 1e-05
        },
        {
            "c": 1e-05
        }
    ],
    "kd_boundslow": [
        [
            0.9155807369976763,
            0.9203145823366593,
            0.9204217692813697,
            0.9196489020212548,
            0.921434238740432,
            0.9209765251247265,
            0.9223992549506218
        ],
        [
            0.9206282676667579,
            0.9191519443685073,
            0.9199314857845817,
            0.9210249794969929,
            0.9207387916894477,
            0.9235754414553718,
            0.922587933339598
        ],
        [
            0.9159566254613176,
            0.9219572256014216,
            0.9180013198810826,
            0.9219509518948196,
            0.9196699923540871,
            0.9218775361792647,
            0.9238540207251229
        ],
        [
            0.9174465640377256,
            0.9174515029131355,
            0.9202033908983734,
            0.9182871072392701,
            0.9208120739218835,
            0.9232670954500409,
            0.9234876095629443
        ],
        [
            0.9144568091340897,
            0.9178839882193139,
            0.9178018961010115,
            0.9214222252597047,
            0.9204217692813694,
            0.922357674958994,
            0.9231805983888054
        ]
    ],
    "kd_boundslow_params": [
        {
            "c": 100.0
        },
        {
            "c": 100.0
        },
        {
            "c": 100.0
        },
        {
            "c": 10.0
        },
        {
            "c": 0.1
        },
        {
            "c": 1e-05
        },
        {
            "c": 0.001
        }
    ],