{
    "n_trees": [
        10,
        20,
        30,
        50,
        75,
        100,
        200
    ],
    "max_depth": [
        1,
        2,
        3,
        5,
        10,
        15,
        20
    ],
    "metric": "Accuracy",
    "scratch_classifier": [
        [
            0.676185619581846
        ],
        [
            0.6731259561448241
        ],
        [
            0.673601903790583
        ],
        [
            0.6724800271970083
        ],
        [
            0.6734319224885262
        ]
    ],
    "scratch_regressor": [
        [
            0.6774094849566548
        ],
        [
            0.6765255821859596
        ],
        [
            0.6812510623831378
        ],
        [
            0.6810810810810811
        ],
        [
            0.6792112867584565
        ]
    ],
    "kd_mse": [
        [
            0.5890532041475438,
            0.6009178990311066,
            0.629508754037056,
            0.6654088050314465,
            0.6925038245792963,
            0.7017168111507734,
            0.6982491925888152
        ],
        [
            0.5891551929287778,
            0.6006119326874044,
            0.6295767465578787,
            0.664694883562808,
            0.6927417984021758,
            0.7009688934217236,
            0.6974332823389428
        ],
        [
            0.588883222845487,
            0.6000339962604113,
            0.6291687914329424,
            0.6655787863335033,
            0.6924018357980622,
            0.7031106578276389,
            0.6977732449430563
        ],
        [
            0.5893251742308346,
            0.6003739588645249,
            0.6293047764745878,
            0.6654428012918578,
            0.6927417984021758,
            0.7039945605983342,
            0.698997110317865
        ],
        [
            0.5892231854496005,
            0.6009858915519293,
            0.6288628250892402,
            0.664694883562808,
            0.6938636749957504,
            0.7008329083800782,
            0.6985551589325174
        ]
    ],
    "kd_mixed": [
        [
            0.6816930137684855,
            0.6841747407785144,
            0.6879143294237634,
            0.6912459629440761,
            0.695631480537141,
            0.701104878463369,
            0.6998130205677375
        ],
        [
            0.6824409314975353,
            0.6833588305286419,
            0.6845486996430392,
            0.6877443481217066,
            0.6949515553289138,
            0.7009009009009008,
            0.6971273159952405
        ],
        [
            0.6821689614142444,
            0.6869964303926568,
            0.6853986061533232,
            0.6898181200067992,
            0.6968893421723611,
            0.7019547849736529,
            0.6969573346931838
        ],
        [
            0.6845147033826279,
            0.6844467108618052,
            0.6858405575386708,
            0.689512153663097,
            0.6968553459119496,
            0.702056773754887,
            0.6975692673805881
        ],
        [
            0.681455039945606,
            0.6825429202787693,
            0.6857045724970253,
            0.6911779704232535,
            0.6970593234744178,
            0.7029746727859936,
            0.6990990990990991
        ]
    ],
    "kd_mixed_params": [
        {
            "alpha": 0.6000000000000001
        },
        {
            "alpha": 0.6000000000000001
        },
        {
            "alpha": 0.6000000000000001
        },
        {
            "alpha": 0.6000000000000001
        },
        {
            "alpha": 0.9
        },
        {
            "alpha": 1.0
        },
        {
            "alpha": 1.0
        }
    ],
    "kd_ortholoss": null,
    "kd_boundfast": [
        [
            0.683664796872344,
            0.6799592044875064,
            0.6835288118306986,
            0.685670576236614,
            0.7012748597654258,
            0.7024647288798233,
            0.6979432262451131
        ],
        [
            0.6825089240183579,
            0.6852626211116777,
            0.6818629950705423,
            0.6880503144654088,
            0.6976372599014109,
            0.6987591364949856,
            0.6998130205677375
        ],
        [
            0.6783613802481727,
            0.6829508754037056,
            0.6839367669556349,
            0.6858405575386708,
            0.6965153833078361,
            0.7017508074111848,
            0.7002549719530852
        ],
        [
            0.6826109127995921,
            0.6827808941016488,
            0.6866224715281319,
            0.6854665986741458,
            0.6969913309535951,
            0.6999150093489717,
            0.6995410504844467
        ],
        [
            0.6839027706952235,
            0.6822709501954785,
            0.685772565017848,
            0.6863505014448411,
            0.6979092299847017,
            0.7023967363590005,
            0.6989631140574537
        ]
    ],
    "kd_boundfast_params": [
        {
            "c": 1.0
        },
        {
            "c": 1000.0
        },
        {
            "c": 100.0
        },
        {
            "c": 0.1
        },
        {
            "c": 0.1
        },
        {
            "c": 0.001
        },
        {
            "c": 1e-05
        }
    ],
    "kd_boundslow": [
        [
            0.6841067482576917,
            0.6809450960394356,
            0.6860105388407275,
            0.6904980452150263,
            0.6958014618391977,
            0.7010708822029577,
            0.6980452150263471
        ],
        [
            0.6839707632160462,
            0.6828148903620602,
            0.6812850586435492,
            0.6897501274859765,
            0.6958014618391977,
            0.7007989121196668,
            0.6987931327553969
        ],
        [
            0.6819989801121876,
            0.6770015298317185,
            0.6844127146013939,
            0.6863844977052524,
            0.6965153833078361,
            0.7045724970253272,
            0.701002889682135
        ],
        [
            0.6816250212476628,
            0.6827808941016488,
            0.6875743668196498,
            0.6910759816420193,
            0.6949515553289138,
            0.7009009009009008,
            0.6977732449430563
        ],
        [
            0.6789733129355771,
            0.6815570287268401,
            0.6835288118306986,
            0.6879483256841747,
            0.6967533571307156,
            0.7013088560258371,
            0.6978072412034676
        ]
    ],
    "kd_boundslow_params": [
        {
            "c": 10.0
        },
        {
            "c": 10.0
        },
        {
            "c": 1000.0
        },
        {
            "c": 1.0
        },
        {
            "c": 0.01
        },
        {
            "c": 0.001
        },
        {
            "c": 0.01
        }
    ],