{
    "n_trees": [
        10,
        20,
        30,
        50,
        75,
        100,
        200
    ],
    "max_depth": [
        1,
        2,
        3,
        5,
        10,
        15,
        20
    ],
    "metric": "Accuracy",
    "scratch_classifier": [
        [
            0.6745877953425123
        ],
        [
            0.6700662927078022
        ],
        [
            0.6726840047594764
        ],
        [
            0.6720040795512494
        ],
        [
            0.6701342852286248
        ]
    ],
    "scratch_regressor": [
        [
            0.6782253952065272
        ],
        [
            0.6793812680605134
        ],
        [
            0.6787693353731089
        ],
        [
            0.6788033316335204
        ],
        [
            0.6818969913309536
        ]
    ],
    "kd_mse": [
        [
            0.5881353051164372,
            0.6114907360190379,
            0.6278089410164882,
            0.6676185619581846,
            0.6915859255481897,
            0.6999150093489717,
            0.7003909569947305
        ],
        [
            0.5887472378038415,
            0.613326534081251,
            0.6272310045894951,
            0.6678565357810641,
            0.6918238993710691,
            0.698895121536631,
            0.7011388747237803
        ],
        [
            0.5877613462519123,
            0.613224545300017,
            0.6281489036206017,
            0.6670066292707802,
            0.691041985381608,
            0.7003909569947305,
            0.7017508074111848
        ],
        [
            0.5896311405745368,
            0.6130545639979602,
            0.6271970083290838,
            0.6662927078021418,
            0.6913819479857216,
            0.699575046744858,
            0.7012068672446031
        ],
        [
            0.5885432602413735,
            0.6132925378208397,
            0.6271630120686724,
            0.6678565357810641,
            0.6916539180690124,
            0.6990311065782764,
            0.6996090430052694
        ]
    ],
    "kd_mixed": null,
    "kd_mixed_params": null,
    "kd_ortholoss": [
        [
            0.680877103518613,
            0.6842087370389257,
            0.684140744518103,
            0.6835288118306986,
            0.6829508754037056,
            0.6763556008839028,
            0.6782593914669386
        ],
        [
            0.6848546659867415,
            0.6817950025497195,
            0.6806051334353221,
            0.6821349651538331,
            0.6828828828828829,
            0.6801971783103858,
            0.6803331633520313
        ],
        [
            0.6834268230494646,
            0.6827468978412374,
            0.6812510623831378,
            0.685194628590855,
            0.6806731259561448,
            0.6778854326024137,
            0.6766955634880163
        ],
        [
            0.6828488866224716,
            0.681455039945606,
            0.682032976372599,
            0.6816930137684855,
            0.6837667856535781,
            0.6800611932687405,
            0.6769675335713071
        ],
        [
            0.6834948155702872,
            0.6824409314975353,
            0.6794832568417474,
            0.6876763556008839,
            0.684140744518103,
            0.6832908380078191,
            0.6781574026857046
        ]
    ],
    "kd_boundfast": [
        [
            0.6831548529661737,
            0.6834268230494646,
            0.6861125276219616,
            0.6873703892571817,
            0.7006629270780215,
            0.7017848036715961,
            0.7044705082440932
        ],
        [
            0.6777834438211797,
            0.6833248342682305,
            0.6834948155702872,
            0.685670576236614,
            0.6981132075471698,
            0.7022607513173551,
            0.7020907700152983
        ],
        [
            0.6837667856535781,
            0.6818969913309536,
            0.6864524902260751,
            0.6879823219445861,
            0.698895121536631,
            0.7029406765255822,
            0.7023967363590005
        ],
        [
            0.679823219445861,
            0.6837667856535781,
            0.6856025837157913,
            0.6851606323304437,
            0.6986571477137515,
            0.7008329083800782,
            0.7021927587965324
        ],
        [
            0.6804351521332653,
            0.6831208567057624,
            0.6832908380078191,
            0.684718680945096,
            0.700526942036376,
            0.7011388747237803,
            0.7024987251402346
        ]
    ],
    "kd_boundfast_params": [
        {
            "c": 10.0
        },
        {
            "c": 1.0
        },
        {
            "c": 1.0
        },
        {
            "c": 0.1
        },
        {
            "c": 0.1
        },
        {
            "c": 0.1
        },
        {
            "c": 0.01
        }
    ],
    "kd_boundslow": [
        [
            0.6811150773414925,
            0.6842087370389257,
            0.6833588305286419,
            0.6876083630800612,
            0.6935917049124596,
            0.7010368859425463,
            0.7012748597654258
        ],
        [
            0.684616692163862,
            0.6818629950705423,
            0.6838347781744009,
            0.6890362060173381,
            0.6948495665476797,
            0.7000169981302057,
            0.7018527961924188
        ],
        [
            0.6850586435492095,
            0.6820669726330104,
            0.6834268230494646,
            0.6861805201427843,
            0.6947135815060343,
            0.7007309195988441,
            0.7026687064422914
        ],
        [
            0.68029916709162,
            0.6840387557368689,
            0.6881183069862316,
            0.6851266360700323,
            0.6947135815060343,
            0.700424953255142,
            0.7040285568587455
        ],
        [
            0.6837327893931667,
            0.6821349651538331,
            0.6854665986741458,
            0.6884242733299337,
            0.6945436002039775,
            0.7002209756926738,
            0.7033146353901071
        ]
    ],
    "kd_boundslow_params": [
        {
            "c": 1.0
        },
        {
            "c": 10.0
        },
        {
            "c": 1.0
        },
        {
            "c": 1.0
        },
        {
            "c": 0.001
        },
        {
            "c": 1e-05
        },
        {
            "c": 0.0001
        }
    ],
    "kd_relerr": [
        [
            0.6838347781744009,
            0.6801971783103858,
            0.6827468978412374,
            0.6922998470168281,
            0.6983851776304606,
            0.7018867924528301,
            0.7044365119836818
        ],
        [
            0.6816250212476628,
            0.6844807071222165,
            0.6869964303926568,
            0.6887642359340472,
            0.6968893421723611,
            0.700424953255142,
            0.7032126466088731
        ],
        [
            0.6800951895291518,
            0.6833248342682305,
            0.6872684004759476,
            0.6921298657147714,
            0.6972972972972973,
            0.7001529831718512,
            0.7042325344212137
        ],
        [
            0.6841747407785144,
            0.6836987931327554,
            0.6839367669556349,
            0.6912799592044875,
            0.6983171851096379,
            0.7006969233384328,
            0.7075981642019378
        ],
        [
            0.6806051334353221,
            0.6818629950705423,
            0.6873703892571817,
            0.689410164881863,
            0.695257521672616,
            0.7016488186299507,
            0.7057283698793133
        ]
    ],