{
    "n_trees": [
        10,
        20,
        30,
        50,
        75,
        100,
        200
    ],
    "max_depth": [
        1,
        2,
        3,
        5,
        10,
        15,
        20
    ],
    "metric": "Accuracy",
    "scratch_classifier": [
        [
            0.8143518518518519
        ],
        [
            0.7976851851851852
        ],
        [
            0.8101851851851852
        ],
        [
            0.8055555555555556
        ],
        [
            0.8027777777777778
        ]
    ],
    "scratch_regressor": [
        [
            0.8101851851851852
        ],
        [
            0.7962962962962963
        ],
        [
            0.8009259259259259
        ],
        [
            0.8078703703703703
        ],
        [
            0.8004629629629629
        ]
    ],
    "kd_mse": [
        [
            0.8236111111111111,
            0.8240740740740741,
            0.825925925925926,
            0.8245370370370371,
            0.8296296296296296,
            0.8287037037037037,
            0.8277777777777777
        ],
        [
            0.8199074074074074,
            0.8231481481481482,
            0.8277777777777777,
            0.8268518518518518,
            0.8287037037037037,
            0.8273148148148148,
            0.8305555555555556
        ],
        [
            0.8222222222222222,
            0.8226851851851852,
            0.825925925925926,
            0.825,
            0.8300925925925926,
            0.8263888888888888,
            0.8296296296296296
        ],
        [
            0.825,
            0.8226851851851852,
            0.8236111111111111,
            0.8263888888888888,
            0.8282407407407407,
            0.8287037037037037,
            0.8291666666666667
        ],
        [
            0.8226851851851852,
            0.825462962962963,
            0.8277777777777777,
            0.825925925925926,
            0.8273148148148148,
            0.825,
            0.8277777777777777
        ]
    ],
    "kd_mixed": null,
    "kd_mixed_params": null,
    "kd_ortholoss": [
        [
            0.7986111111111112,
            0.7958333333333333,
            0.7912037037037037,
            0.7833333333333333,
            0.7648148148148148,
            0.7462962962962963,
            0.7458333333333333
        ],
        [
            0.7976851851851852,
            0.7930555555555555,
            0.7865740740740741,
            0.7861111111111111,
            0.7671296296296296,
            0.7662037037037037,
            0.7597222222222222
        ],
        [
            0.8018518518518518,
            0.7814814814814814,
            0.7949074074074074,
            0.7925925925925926,
            0.7652777777777777,
            0.7467592592592592,
            0.7518518518518519
        ],
        [
            0.8060185185185185,
            0.7865740740740741,
            0.7875,
            0.7773148148148148,
            0.7680555555555556,
            0.7555555555555555,
            0.7657407407407407
        ],
        [
            0.7939814814814815,
            0.7800925925925926,
            0.7986111111111112,
            0.7888888888888889,
            0.7699074074074074,
            0.7513888888888889,
            0.7615740740740741
        ]
    ],
    "kd_boundfast": [
        [
            0.825,
            0.8263888888888888,
            0.825,
            0.8277777777777777,
            0.8319444444444445,
            0.8277777777777777,
            0.825462962962963
        ],
        [
            0.8222222222222222,
            0.8240740740740741,
            0.8240740740740741,
            0.825,
            0.8305555555555556,
            0.8300925925925926,
            0.8282407407407407
        ],
        [
            0.825,
            0.8236111111111111,
            0.8263888888888888,
            0.8277777777777777,
            0.8287037037037037,
            0.8282407407407407,
            0.8287037037037037
        ],
        [
            0.8245370370370371,
            0.8273148148148148,
            0.8263888888888888,
            0.8263888888888888,
            0.825462962962963,
            0.8291666666666667,
            0.8296296296296296
        ],
        [
            0.825462962962963,
            0.825925925925926,
            0.8287037037037037,
            0.825925925925926,
            0.8263888888888888,
            0.8263888888888888,
            0.8263888888888888
        ]
    ],
    "kd_boundfast_params": [
        {
            "c": 0.1
        },
        {
            "c": 0.1
        },
        {
            "c": 1e-05
        },
        {
            "c": 0.01
        },
        {
            "c": 1e-05
        },
        {
            "c": 0.0001
        },
        {
            "c": 1e-05
        }
    ],
    "kd_boundslow": [
        [
            0.8231481481481482,
            0.8263888888888888,
            0.8268518518518518,
            0.825462962962963,
            0.8236111111111111,
            0.825462962962963,
            0.825
        ],
        [
            0.825462962962963,
            0.8273148148148148,
            0.8245370370370371,
            0.8273148148148148,
            0.8245370370370371,
            0.8268518518518518,
            0.8291666666666667
        ],
        [
            0.8231481481481482,
            0.825,
            0.825,
            0.8287037037037037,
            0.8268518518518518,
            0.8291666666666667,
            0.8277777777777777
        ],
        [
            0.8245370370370371,
            0.8268518518518518,
            0.825,
            0.825462962962963,
            0.8236111111111111,
            0.8277777777777777,
            0.825925925925926
        ],
        [
            0.8222222222222222,
            0.8273148148148148,
            0.8268518518518518,
            0.825462962962963,
            0.8277777777777777,
            0.8277777777777777,
            0.8296296296296296
        ]
    ],
    "kd_boundslow_params": [
        {
            "c": 0.01
        },
        {
            "c": 0.001
        },
        {
            "c": 0.001
        },
        {
            "c": 1e-05
        },
        {
            "c": 0.0001
        },
        {
            "c": 1e-05
        },
        {
            "c": 1e-05
        }
    ],
    "kd_relerr": [
        [
            0.8291666666666667,
            0.8226851851851852,
            0.8263888888888888,
            0.8273148148148148,
            0.8282407407407407,
            0.8296296296296296,
            0.8296296296296296
        ],
        [
            0.825462962962963,
            0.8236111111111111,
            0.8240740740740741,
            0.8282407407407407,
            0.8273148148148148,
            0.8291666666666667,
            0.8310185185185185
        ],
        [
            0.8305555555555556,
            0.8236111111111111,
            0.8277777777777777,
            0.8273148148148148,
            0.8291666666666667,
            0.825925925925926,
            0.8277777777777777
        ],
        [
            0.8231481481481482,
            0.8240740740740741,
            0.825,
            0.8236111111111111,
            0.825,
            0.8291666666666667,
            0.8273148148148148
        ],
        [
            0.8268518518518518,
            0.8226851851851852,
            0.8273148148148148,
            0.8282407407407407,
            0.8273148148148148,
            0.8310185185185185,
            0.8277777777777777
        ]
    ],
    "kd_relerr_params": [
        {
            "c": 1.0
        },
        {
            "c": 0.25
        },
        {
            "c": 0.25
        },
        {
            "c": 0.5
        },
        {
            "c": 0.5
        },
        {
            "c": 0.5
        },
        {
            "c": 0.25
        }
    ],