{
    "n_trees": [
        10,
        20,
        30,
        50,
        75,
        100,
        200
    ],
    "max_depth": [
        1,
        2,
        3,
        5,
        10,
        15,
        20
    ],
    "metric": "AUC",
    "scratch_classifier": [
        [
            0.752748046382196
        ],
        [
            0.7585161098048394
        ],
        [
            0.7546735529332607
        ],
        [
            0.7583981796706732
        ],
        [
            0.7503428201574596
        ]
    ],
    "scratch_regressor": [
        [
            0.7554225007039241
        ],
        [
            0.7439478529402086
        ],
        [
            0.7495301078375087
        ],
        [
            0.7538352433748862
        ],
        [
            0.7523691158348174
        ]
    ],
    "kd_mse": [
        [
            0.7504600646513107,
            0.7677103178811338,
            0.7773881309262178,
            0.7860994196740374,
            0.7893959783081688,
            0.7802701057165946,
            0.7701998778646053
        ],
        [
            0.7503784734538355,
            0.7670644447044798,
            0.7777618048978487,
            0.7865930807007793,
            0.7921252838550904,
            0.7783489415541911,
            0.7728423356383037
        ],
        [
            0.7504984605089462,
            0.7676513528140506,
            0.777739407314228,
            0.7871137102465745,
            0.7888182120694636,
            0.7739731850643771,
            0.7741797913459394
        ],
        [
            0.7508241396585329,
            0.7677290587164081,
            0.7777549484946996,
            0.7861734688280488,
            0.7894508295333623,
            0.7759359447392189,
            0.7703749446916811
        ],
        [
            0.7502527727294335,
            0.7679352079044273,
            0.777753348667298,
            0.7873774532210469,
            0.7875205235000934,
            0.7792494158344517,
            0.7705993776214315
        ]
    ],
    "kd_mixed": [
        [
            0.7646996712583236,
            0.7773147674125215,
            0.7799131156592934,
            0.785819906972322,
            0.7899170649475072,
            0.7786620506313375,
            0.7711611455861218
        ],
        [
            0.767810421367112,
            0.779394543034443,
            0.778608570686774,
            0.7864586951990551,
            0.7901958920089078,
            0.778351684115451,
            0.7714582563892536
        ],
        [
            0.7674159496392617,
            0.7772779713822873,
            0.7803258711288747,
            0.7857291739039811,
            0.787912709760227,
            0.7749915894788038,
            0.7725808781315479
        ],
        [
            0.7663200678692493,
            0.7754534825042876,
            0.7793787733071997,
            0.7863389366907159,
            0.7912065258330987,
            0.7774050433873192,
            0.7779471563296485
        ],
        [
            0.7673805248896576,
            0.7760109080803168,
            0.7801183506602258,
            0.7871621621621623,
            0.7912019548976659,
            0.7728030255935816,
            0.7687060961651679
        ]
    ],
    "kd_mixed_params": [
        {
            "alpha": 0.6000000000000001
        },
        {
            "alpha": 0.8
        },
        {
            "alpha": 0.9
        },
        {
            "alpha": 1.0
        },
        {
            "alpha": 1.0
        },
        {
            "alpha": 1.0
        },
        {
            "alpha": 1.0
        }
    ],
    "kd_ortholoss": null,
    "kd_boundfast": [
        [
            0.7700145264328054,
            0.7710228747892798,
            0.7780607440751535,
            0.785720946220202,
            0.7899723732662441,
            0.7785176090716612,
            0.771935004954894
        ],
        [
            0.765898399075574,
            0.7707808437581134,
            0.7796644567717494,
            0.7866863277836083,
            0.7900176255270289,
            0.7800877253928262,
            0.7733181700168577
        ],
        [
            0.7704076268800257,
            0.7708708911861394,
            0.7778760782836687,
            0.7859536068337312,
            0.7923113209272051,
            0.7823183418840298,
            0.77666226637949
        ],
        [
            0.7663084119838957,
            0.770772158980791,
            0.7787566689947965,
            0.7850645598920528,
            0.789932606127979,
            0.7769890882629349,
            0.7755455868532584
        ],
        [
            0.7683310509129072,
            0.7699253931918659,
            0.7786606793507078,
            0.7856062157408389,
            0.7910447147187778,
            0.7760369624122837,
            0.7799080876303174
        ]
    ],
    "kd_boundfast_params": [
        {
            "c": 0.1
        },
        {
            "c": 0.01
        },
        {
            "c": 0.01
        },
        {
            "c": 0.01
        },
        {
            "c": 1e-05
        },
        {
            "c": 0.0001
        },
        {
            "c": 1e-05
        }
    ],
    "kd_boundslow": [
        [
            0.7649542723619304,
            0.7764622879543054,
            0.7801407482438467,
            0.7881636541154875,
            0.7890851546987387,
            0.7766928916468898,
            0.7761196963436173
        ],
        [
            0.7678005938559314,
            0.7743809125049823,
            0.7796484584977348,
            0.7871164528078343,
            0.7873701397243543,
            0.7758879499171746,
            0.7714463719571283
        ],
        [
            0.7600743416938789,
            0.7738186874467486,
            0.7804415157953245,
            0.7865496568141677,
            0.7889384276713461,
            0.7750149012495109,
            0.7650141516161
        ],
        [
            0.7682263764914963,
            0.7730276870701035,
            0.7809027231804935,
            0.7875036110389919,
            0.7865798249880243,
            0.7773113392109468,
            0.7697843798337642
        ],
        [
            0.7677496279258558,
            0.7739617577257951,
            0.7786396530477169,
            0.7862415757659973,
            0.788628975342546,
            0.7723948410594332,
            0.7764259490176145
        ]
    ],
    "kd_boundslow_params": [
        {
            "c": 1.0
        },
        {
            "c": 1e-05
        },
        {
            "c": 0.0001
        },
        {
            "c": 0.01
        },
        {
            "c": 0.01
        },
        {
            "c": 1e-05
        },
        {
            "c": 1e-05
        }
    ],