{
    "n_trees": [
        10,
        20,
        30,
        50,
        75,
        100,
        200
    ],
    "max_depth": [
        1,
        2,
        3,
        5,
        10,
        15,
        20
    ],
    "metric": "Accuracy",
    "scratch_classifier": [
        [
            0.8023148148148148
        ],
        [
            0.8050925925925926
        ],
        [
            0.8078703703703703
        ],
        [
            0.8041666666666667
        ],
        [
            0.8074074074074075
        ]
    ],
    "scratch_regressor": [
        [
            0.8027777777777778
        ],
        [
            0.8078703703703703
        ],
        [
            0.8041666666666667
        ],
        [
            0.7958333333333333
        ],
        [
            0.8097222222222222
        ]
    ],
    "kd_mse": [
        [
            0.8222222222222222,
            0.8277777777777777,
            0.8231481481481482,
            0.8268518518518518,
            0.8273148148148148,
            0.8263888888888888,
            0.8268518518518518
        ],
        [
            0.825925925925926,
            0.8245370370370371,
            0.825925925925926,
            0.825925925925926,
            0.8268518518518518,
            0.8268518518518518,
            0.8263888888888888
        ],
        [
            0.8203703703703704,
            0.8245370370370371,
            0.8277777777777777,
            0.8263888888888888,
            0.8282407407407407,
            0.8300925925925926,
            0.825
        ],
        [
            0.8236111111111111,
            0.825462962962963,
            0.8268518518518518,
            0.8273148148148148,
            0.8277777777777777,
            0.8277777777777777,
            0.825925925925926
        ],
        [
            0.8217592592592593,
            0.8282407407407407,
            0.8268518518518518,
            0.8268518518518518,
            0.8273148148148148,
            0.8287037037037037,
            0.8273148148148148
        ]
    ],
    "kd_mixed": [
        [
            0.8236111111111111,
            0.8282407407407407,
            0.8282407407407407,
            0.825,
            0.8305555555555556,
            0.8282407407407407,
            0.825
        ],
        [
            0.8236111111111111,
            0.825462962962963,
            0.8273148148148148,
            0.8277777777777777,
            0.8222222222222222,
            0.8268518518518518,
            0.8273148148148148
        ],
        [
            0.8236111111111111,
            0.8282407407407407,
            0.8263888888888888,
            0.8263888888888888,
            0.8277777777777777,
            0.8263888888888888,
            0.8263888888888888
        ],
        [
            0.825462962962963,
            0.825925925925926,
            0.825,
            0.8268518518518518,
            0.8277777777777777,
            0.8305555555555556,
            0.8268518518518518
        ],
        [
            0.8263888888888888,
            0.8268518518518518,
            0.8263888888888888,
            0.8268518518518518,
            0.8282407407407407,
            0.8277777777777777,
            0.825925925925926
        ]
    ],
    "kd_mixed_params": [
        {
            "alpha": 0.9
        },
        {
            "alpha": 0.8
        },
        {
            "alpha": 0.9
        },
        {
            "alpha": 0.9
        },
        {
            "alpha": 0.9
        },
        {
            "alpha": 1.0
        },
        {
            "alpha": 1.0
        }
    ],
    "kd_ortholoss": null,
    "kd_boundfast": [
        [
            0.8226851851851852,
            0.8263888888888888,
            0.8263888888888888,
            0.8268518518518518,
            0.825925925925926,
            0.8273148148148148,
            0.8282407407407407
        ],
        [
            0.8217592592592593,
            0.825925925925926,
            0.8231481481481482,
            0.8273148148148148,
            0.825925925925926,
            0.8268518518518518,
            0.825925925925926
        ],
        [
            0.8240740740740741,
            0.825925925925926,
            0.8273148148148148,
            0.8296296296296296,
            0.8291666666666667,
            0.8263888888888888,
            0.825925925925926
        ],
        [
            0.8222222222222222,
            0.825462962962963,
            0.8240740740740741,
            0.825462962962963,
            0.8296296296296296,
            0.825462962962963,
            0.8291666666666667
        ],
        [
            0.8277777777777777,
            0.825462962962963,
            0.825462962962963,
            0.8245370370370371,
            0.8273148148148148,
            0.8277777777777777,
            0.8282407407407407
        ]
    ],
    "kd_boundfast_params": [
        {
            "c": 0.1
        },
        {
            "c": 1e-05
        },
        {
            "c": 0.1
        },
        {
            "c": 0.001
        },
        {
            "c": 1e-05
        },
        {
            "c": 0.001
        },
        {
            "c": 0.0001
        }
    ],
    "kd_boundslow": [
        [
            0.825,
            0.8287037037037037,
            0.8287037037037037,
            0.8240740740740741,
            0.8273148148148148,
            0.825462962962963,
            0.8300925925925926
        ],
        [
            0.8236111111111111,
            0.8245370370370371,
            0.825,
            0.825462962962963,
            0.8291666666666667,
            0.8287037037037037,
            0.8277777777777777
        ],
        [
            0.8226851851851852,
            0.8287037037037037,
            0.8291666666666667,
            0.8273148148148148,
            0.8282407407407407,
            0.8282407407407407,
            0.825
        ],
        [
            0.8212962962962963,
            0.8245370370370371,
            0.825462962962963,
            0.8240740740740741,
            0.8287037037037037,
            0.8263888888888888,
            0.8273148148148148
        ],
        [
            0.8245370370370371,
            0.825462962962963,
            0.825462962962963,
            0.8231481481481482,
            0.8287037037037037,
            0.8310185185185185,
            0.8245370370370371
        ]
    ],
    "kd_boundslow_params": [
        {
            "c": 0.0001
        },
        {
            "c": 0.001
        },
        {
            "c": 0.0001
        },
        {
            "c": 1e-05
        },
        {
            "c": 0.0001
        },
        {
            "c": 0.0001
        },
        {
            "c": 0.001
        }
    ],
    "kd_relerr": [
        [
            0.8231481481481482,
            0.8231481481481482,
            0.825925925925926,
            0.8268518518518518,
            0.8282407407407407,
            0.825462962962963,
            0.8273148148148148
        ],
        [
            0.8194444444444444,
            0.8287037037037037,
            0.8263888888888888,
            0.8282407407407407,
            0.8291666666666667,
            0.8291666666666667,
            0.8282407407407407
        ],
        [
            0.8263888888888888,
            0.8245370370370371,
            0.825,
            0.8263888888888888,
            0.8245370370370371,
            0.8277777777777777,
            0.8268518518518518
        ],
        [
            0.8212962962962963,
            0.825462962962963,
            0.8282407407407407,
            0.825462962962963,
            0.8273148148148148,
            0.8282407407407407,
            0.8263888888888888
        ],
        [
            0.825925925925926,
            0.825925925925926,
            0.8231481481481482,
            0.8277777777777777,
            0.8263888888888888,
            0.8273148148148148,
            0.8240740740740741
        ]
    ],