{
    "n_trees": [
        10,
        20,
        30,
        50,
        75,
        100,
        200
    ],
    "max_depth": [
        1,
        2,
        3,
        5,
        10,
        15,
        20
    ],
    "metric": "AUC",
    "scratch_classifier": [
        [
            0.8836257675227701
        ],
        [
            0.883651901946988
        ],
        [
            0.885666712620647
        ],
        [
            0.8858185357459072
        ],
        [
            0.8863458272365691
        ]
    ],
    "scratch_regressor": [
        [
            0.8813758357943566
        ],
        [
            0.8813576900587643
        ],
        [
            0.880229497017962
        ],
        [
            0.882170748353975
        ],
        [
            0.884857280936463
        ]
    ],
    "kd_mse": [
        [
            0.8828029325943365,
            0.8892940464336059,
            0.8956973481002848,
            0.9033693422839107,
            0.913100046887262,
            0.9140615045840363,
            0.9122776557748631
        ],
        [
            0.8828674127239573,
            0.8892721599628635,
            0.8957412732072673,
            0.9034369798476072,
            0.9132546723937701,
            0.9141838836855052,
            0.9126377681054625
        ],
        [
            0.8828376770496288,
            0.8892735548132584,
            0.8957342482334602,
            0.9031964949590614,
            0.9129353530969939,
            0.9143618792763575,
            0.9120230702168702
        ],
        [
            0.882835838383199,
            0.8893269902638429,
            0.8956456498724651,
            0.903254812386028,
            0.9133596919480511,
            0.9139117103320779,
            0.9117872010150859
        ],
        [
            0.8828465914116981,
            0.8892372760225318,
            0.8956318028121807,
            0.9033495100473863,
            0.912955159972602,
            0.9140588163269114,
            0.9129807491371202
        ]
    ],
    "kd_mixed": null,
    "kd_mixed_params": null,
    "kd_ortholoss": [
        [
            0.8853503098292419,
            0.8829825893252049,
            0.8819732882598841,
            0.8724295316508293,
            0.8749591055225119,
            0.893334864625458,
            0.9009306746166037
        ],
        [
            0.8843277069633367,
            0.8823234591113048,
            0.8833628255428656,
            0.875047437593886,
            0.8723637200731044,
            0.8954369422120074,
            0.9034517525813355
        ],
        [
            0.887542976608714,
            0.885738509374612,
            0.881093835085874,
            0.8746814415307119,
            0.8737012040754384,
            0.894588340592642,
            0.9021393632056522
        ],
        [
            0.8828056081710033,
            0.8843162311487238,
            0.8824796569946218,
            0.8719725406200723,
            0.8735743487722476,
            0.8929372942215252,
            0.901856360740977
        ],
        [
            0.8887052166796109,
            0.8886843319650612,
            0.8823435956788245,
            0.8736451437700199,
            0.8747842293243608,
            0.8946059917903671,
            0.9018141348153847
        ]
    ],
    "kd_boundfast": [
        [
            0.8989847568719967,
            0.9037524442851103,
            0.9042643670605116,
            0.9072219063942782,
            0.9130506057809906,
            0.9140898073665955,
            0.9121441559116092
        ],
        [
            0.8992237327860244,
            0.903319875816723,
            0.9045337380326908,
            0.9075174878734242,
            0.9133674143470558,
            0.9138575394149218,
            0.9116730768918635
        ],
        [
            0.8992772569998158,
            0.9026778642213062,
            0.9044953162445392,
            0.9077053234997904,
            0.9128823868233604,
            0.9137626642271494,
            0.9123435307548788
        ],
        [
            0.9001287751245527,
            0.9031252815061707,
            0.9037506056186805,
            0.9076659633577366,
            0.9128252740399168,
            0.9137544853316518,
            0.91225829271529
        ],
        [
            0.8996007862086932,
            0.9031223903617157,
            0.9048823365073027,
            0.907560677513835,
            0.9133691135284461,
            0.9134922280964867,
            0.9115928476332382
        ]
    ],
    "kd_boundfast_params": [
        {
            "c": 0.1
        },
        {
            "c": 0.1
        },
        {
            "c": 0.1
        },
        {
            "c": 0.1
        },
        {
            "c": 0.01
        },
        {
            "c": 0.0001
        },
        {
            "c": 1e-05
        }
    ],
    "kd_boundslow": [
        [
            0.897209999951307,
            0.9019645884511662,
            0.9020965286180695,
            0.9049365074244589,
            0.913337082691195,
            0.9139112791965012,
            0.9122457010203611
        ],
        [
            0.899379144480937,
            0.9018068562324149,
            0.9019704848641994,
            0.9046190901964031,
            0.9136639849019365,
            0.9142992504936249,
            0.9126144233820342
        ],
        [
            0.8983938728837837,
            0.9025494365413066,
            0.9027814255229015,
            0.9047264175940646,
            0.9136357835630422,
            0.9142046542759317,
            0.9122472353557955
        ],
        [
            0.8989168530186794,
            0.9028040220992996,
            0.9030545118693146,
            0.9048013971430218,
            0.9131576668890312,
            0.914129256271856,
            0.9119480145851644
        ],
        [
            0.8972480286452564,
            0.9024792375250666,
            0.9022650265457783,
            0.9050356305657067,
            0.9133278893590465,
            0.9134576611676084,
            0.9123144925057478
        ]
    ],
    "kd_boundslow_params": [
        {
            "c": 0.01
        },
        {
            "c": 0.01
        },
        {
            "c": 0.01
        },
        {
            "c": 0.0001
        },
        {
            "c": 1e-05
        },
        {
            "c": 0.001
        },
        {
            "c": 0.0001
        }
    ],
    "kd_relerr": [
        [
            0.9000269003238893,
            0.9032927903581447,
            0.903784525844194,
            0.9082797102119686,
            0.9130266523955718,
            0.913615025653074,
            0.9116894220024006
        ],
        [
            0.8987656765967842,
            0.9025660859828389,
            0.9054520948522615,
            0.9083468532377977,
            0.9130319401466144,
            0.9140628613930569,
            0.9125451500392383
        ],
        [
            0.8995079906160551,
            0.9020459589510239,
            0.9050822312493558,
            0.9075036027717656,
            0.9127374491868683,
            0.9141662705291544,
            0.9118482193796354
        ],
        [
            0.9011301509035384,
            0.9034755284403401,
            0.9048968936732427,
            0.9084517459874972,
            0.9129904623680524,
            0.9141351780458054,
            0.911985320493
        ],
        [
            0.8978198412244331,
            0.9026644863379731,
            0.905157312241978,
            0.9081955500113211,
            0.9132928278923009,
            0.9138281080715884,
            0.9125174305577536
        ]
    ],