{
    "n_trees": [
        10,
        20,
        30,
        50,
        75,
        100,
        200
    ],
    "max_depth": [
        1,
        2,
        3,
        5,
        10,
        15,
        20
    ],
    "metric": "AUC",
    "scratch_classifier": [
        [
            0.8849568605742035
        ],
        [
            0.8851947206079154
        ],
        [
            0.8830147089256629
        ],
        [
            0.8840874376425791
        ],
        [
            0.8841194684798301
        ]
    ],
    "scratch_regressor": [
        [
            0.8830163066633882
        ],
        [
            0.8824507962719048
        ],
        [
            0.881758557381812
        ],
        [
            0.8803706305170137
        ],
        [
            0.8822035273382562
        ]
    ],
    "kd_mse": [
        [
            0.8815166142405806,
            0.887560627806439,
            0.8935007250178744,
            0.9032923338616519,
            0.9131152507565667,
            0.9139526428509404,
            0.9137105729051274
        ],
        [
            0.8815070912165205,
            0.8877936819465173,
            0.8935652939107019,
            0.9030616129258707,
            0.9129947230019858,
            0.9140988485332464,
            0.9129533720280051
        ],
        [
            0.8810652026114034,
            0.8877817242744952,
            0.8932922709665797,
            0.9032009457998671,
            0.9129898790669781,
            0.9139839382216195,
            0.913123493054355
        ],
        [
            0.8819935769929013,
            0.8878583776439262,
            0.8932815940208293,
            0.9034026158060592,
            0.9128929876863621,
            0.9142926693358525,
            0.9133046587597415
        ],
        [
            0.8813433484606127,
            0.888240300362519,
            0.8933918379238621,
            0.9034907957119356,
            0.9127638879420815,
            0.913951121195964,
            0.9127462494248144
        ]
    ],
    "kd_mixed": null,
    "kd_mixed_params": null,
    "kd_ortholoss": [
        [
            0.8853961496854028,
            0.883692416010732,
            0.8782761231639712,
            0.8704672053933944,
            0.8526892284478875,
            0.8446409670299972,
            0.8304967782506405
        ],
        [
            0.8869327168804693,
            0.8858692322175341,
            0.8805140845399044,
            0.8716870020637699,
            0.8578583538046649,
            0.8445236981531572,
            0.8300555236684302
        ],
        [
            0.8883949258690274,
            0.8846600237297021,
            0.8805292250069184,
            0.8705850575713088,
            0.8544180947905837,
            0.8403863816748918,
            0.8358910451416195
        ],
        [
            0.8856835903104259,
            0.8822671832380979,
            0.8782595878465621,
            0.872649461516737,
            0.8572675458992006,
            0.8412305324534516,
            0.8383666383030179
        ],
        [
            0.8878389638625203,
            0.8858593287797302,
            0.8771823702474657,
            0.8726871351578586,
            0.8596403512669503,
            0.8390977047559225,
            0.8306882278075752
        ]
    ],
    "kd_boundfast": [
        [
            0.8987413808389959,
            0.9027495595316063,
            0.9031860969833899,
            0.9072023277669166,
            0.9131463178789996,
            0.9140143966820617,
            0.9136430367850958
        ],
        [
            0.9003610430762263,
            0.9010820032039968,
            0.9035841619251896,
            0.9075145333266786,
            0.9138154529743688,
            0.9147789141835285,
            0.9135382962008941
        ],
        [
            0.9006746434863834,
            0.9021851777008969,
            0.9035346447361694,
            0.9075728380731871,
            0.913484150644654,
            0.9140979101793442,
            0.9131642607272619
        ],
        [
            0.89978684657092,
            0.9017452165254165,
            0.9036585328121565,
            0.9069645057745791,
            0.912884948275904,
            0.9138833061058534,
            0.9126650564513707
        ],
        [
            0.9010161028630648,
            0.9017199190114356,
            0.9036929602559952,
            0.9070599262220512,
            0.9131534316160137,
            0.9138402686309407,
            0.9125585406030298
        ]
    ],
    "kd_boundfast_params": [
        {
            "c": 0.1
        },
        {
            "c": 0.1
        },
        {
            "c": 0.1
        },
        {
            "c": 0.1
        },
        {
            "c": 0.01
        },
        {
            "c": 0.001
        },
        {
            "c": 0.0001
        }
    ],
    "kd_boundslow": [
        [
            0.8988684263490587,
            0.8999925616432574,
            0.9016281124945322,
            0.9049543107876816,
            0.9123217457278016,
            0.9070553612571223,
            0.900794283608895
        ],
        [
            0.8960550638242963,
            0.9000300070361326,
            0.9004551320755941,
            0.9047224866520426,
            0.9116913747929535,
            0.9090058312862003,
            0.8986833931039407
        ],
        [
            0.8997657082472077,
            0.9023042345223344,
            0.9006964792352934,
            0.904533459062612,
            0.9128556310566941,
            0.907942359303723,
            0.8995651794822477
        ],
        [
            0.9003905251413922,
            0.90185103494856,
            0.900647241016352,
            0.9045235175834334,
            0.9129090538268202,
            0.9092024164286798,
            0.8996203141142223
        ],
        [
            0.8992359694281254,
            0.900766855777947,
            0.9010911838556872,
            0.904558401523765,
            0.9127860280219866,
            0.9089528016102761,
            0.9002340229270799
        ]
    ],
    "kd_boundslow_params": [
        {
            "c": 0.01
        },
        {
            "c": 0.01
        },
        {
            "c": 0.01
        },
        {
            "c": 0.0001
        },
        {
            "c": 1e-05
        },
        {
            "c": 1e-05
        },
        {
            "c": 1e-05
        }
    ],
    "kd_relerr": [
        [
            0.9019494733450684,
            0.9021179078704865,
            0.9034898700384917,
            0.9074003204402494,
            0.9133499533562027,
            0.9141647995960105,
            0.9134500402122687
        ],
        [
            0.8994034655996416,
            0.9027040874087312,
            0.903565407527607,
            0.9075068870104227,
            0.9135010790562657,
            0.9145159088013335,
            0.9132139808036123
        ],
        [
            0.9007829472793215,
            0.9017091025806457,
            0.9043798099513801,
            0.9077735950863935,
            0.9130474103055402,
            0.9145894047366886,
            0.9133712438454128
        ],
        [
            0.900024820728755,
            0.9020937515977376,
            0.9036765517431673,
            0.9079251772829492,
            0.9133226650102945,
            0.9138761289665489,
            0.9133544295579247
        ],
        [
            0.9001502177792602,
            0.90312671439794,
            0.9029182096248127,
            0.9077002005947034,
            0.9132731731821903,
            0.9144450377208123,
            0.9137083157835793
        ]
    ],