{
    "n_trees": [
        10,
        20,
        30,
        50,
        75,
        100,
        200
    ],
    "max_depth": [
        1,
        2,
        3,
        5,
        10,
        15,
        20
    ],
    "metric": "Accuracy",
    "scratch_classifier": [
        [
            0.8101851851851852
        ],
        [
            0.799074074074074
        ],
        [
            0.8009259259259259
        ],
        [
            0.8013888888888889
        ],
        [
            0.8083333333333333
        ]
    ],
    "scratch_regressor": [
        [
            0.799537037037037
        ],
        [
            0.8087962962962963
        ],
        [
            0.8055555555555556
        ],
        [
            0.7935185185185185
        ],
        [
            0.7972222222222223
        ]
    ],
    "kd_mse": [
        [
            0.8231481481481482,
            0.8217592592592593,
            0.825,
            0.8222222222222222,
            0.8226851851851852,
            0.812962962962963,
            0.8175925925925925
        ],
        [
            0.8222222222222222,
            0.8236111111111111,
            0.8263888888888888,
            0.825462962962963,
            0.8217592592592593,
            0.8157407407407408,
            0.8134259259259259
        ],
        [
            0.8217592592592593,
            0.8231481481481482,
            0.8245370370370371,
            0.8240740740740741,
            0.8231481481481482,
            0.8106481481481481,
            0.8115740740740741
        ],
        [
            0.8240740740740741,
            0.8236111111111111,
            0.8231481481481482,
            0.8268518518518518,
            0.8222222222222222,
            0.8162037037037037,
            0.8060185185185185
        ],
        [
            0.825462962962963,
            0.8236111111111111,
            0.825,
            0.8268518518518518,
            0.8245370370370371,
            0.812962962962963,
            0.8074074074074075
        ]
    ],
    "kd_mixed": null,
    "kd_mixed_params": null,
    "kd_ortholoss": [
        [
            0.8,
            0.7842592592592592,
            0.7870370370370371,
            0.7837962962962963,
            0.7916666666666666,
            0.7912037037037037,
            0.7916666666666666
        ],
        [
            0.7976851851851852,
            0.7962962962962963,
            0.775,
            0.7865740740740741,
            0.7912037037037037,
            0.7967592592592593,
            0.7953703703703704
        ],
        [
            0.8018518518518518,
            0.7842592592592592,
            0.7861111111111111,
            0.7870370370370371,
            0.7875,
            0.7944444444444444,
            0.7842592592592592
        ],
        [
            0.7967592592592593,
            0.7930555555555555,
            0.7916666666666666,
            0.7837962962962963,
            0.7870370370370371,
            0.7865740740740741,
            0.7907407407407407
        ],
        [
            0.7972222222222223,
            0.7958333333333333,
            0.7888888888888889,
            0.7870370370370371,
            0.7925925925925926,
            0.7902777777777777,
            0.7898148148148149
        ]
    ],
    "kd_boundfast": [
        [
            0.8263888888888888,
            0.825925925925926,
            0.8245370370370371,
            0.8245370370370371,
            0.8185185185185185,
            0.8194444444444444,
            0.8083333333333333
        ],
        [
            0.8282407407407407,
            0.8277777777777777,
            0.8268518518518518,
            0.825925925925926,
            0.8222222222222222,
            0.8143518518518519,
            0.8083333333333333
        ],
        [
            0.8245370370370371,
            0.8282407407407407,
            0.8245370370370371,
            0.8263888888888888,
            0.825462962962963,
            0.8125,
            0.8064814814814815
        ],
        [
            0.825,
            0.8310185185185185,
            0.8231481481481482,
            0.8263888888888888,
            0.8226851851851852,
            0.8143518518518519,
            0.8074074074074075
        ],
        [
            0.8282407407407407,
            0.825462962962963,
            0.8236111111111111,
            0.825,
            0.8194444444444444,
            0.8175925925925925,
            0.812037037037037
        ]
    ],
    "kd_boundfast_params": [
        {
            "c": 0.1
        },
        {
            "c": 0.1
        },
        {
            "c": 1e-05
        },
        {
            "c": 0.0001
        },
        {
            "c": 0.01
        },
        {
            "c": 1e-05
        },
        {
            "c": 0.001
        }
    ],
    "kd_boundslow": [
        [
            0.8282407407407407,
            0.8282407407407407,
            0.8231481481481482,
            0.8240740740740741,
            0.8212962962962963,
            0.812962962962963,
            0.8050925925925926
        ],
        [
            0.8222222222222222,
            0.825462962962963,
            0.8268518518518518,
            0.825,
            0.8240740740740741,
            0.8217592592592593,
            0.8083333333333333
        ],
        [
            0.8263888888888888,
            0.825925925925926,
            0.8240740740740741,
            0.8273148148148148,
            0.8240740740740741,
            0.8087962962962963,
            0.8050925925925926
        ],
        [
            0.8268518518518518,
            0.8245370370370371,
            0.825,
            0.8273148148148148,
            0.8277777777777777,
            0.8162037037037037,
            0.8097222222222222
        ],
        [
            0.8291666666666667,
            0.8263888888888888,
            0.8236111111111111,
            0.825,
            0.8208333333333333,
            0.8138888888888889,
            0.812962962962963
        ]
    ],
    "kd_boundslow_params": [
        {
            "c": 0.01
        },
        {
            "c": 0.01
        },
        {
            "c": 0.01
        },
        {
            "c": 0.0001
        },
        {
            "c": 0.0001
        },
        {
            "c": 1e-05
        },
        {
            "c": 1e-05
        }
    ],
    "kd_relerr": [
        [
            0.8217592592592593,
            0.825,
            0.8263888888888888,
            0.825,
            0.8194444444444444,
            0.8097222222222222,
            0.8125
        ],
        [
            0.8231481481481482,
            0.8277777777777777,
            0.8240740740740741,
            0.8245370370370371,
            0.8212962962962963,
            0.8092592592592592,
            0.812962962962963
        ],
        [
            0.8245370370370371,
            0.8273148148148148,
            0.8240740740740741,
            0.8291666666666667,
            0.8208333333333333,
            0.8101851851851852,
            0.8138888888888889
        ],
        [
            0.8208333333333333,
            0.8287037037037037,
            0.8240740740740741,
            0.825925925925926,
            0.8231481481481482,
            0.8111111111111111,
            0.8087962962962963
        ],
        [
            0.8217592592592593,
            0.8217592592592593,
            0.8217592592592593,
            0.8268518518518518,
            0.8199074074074074,
            0.8212962962962963,
            0.8148148148148148
        ]
    ],
    "kd_relerr_params": [
        {
            "c": 0.5
        },
        {
            "c": 1.0
        },
        {
            "c": 0.5
        },
        {
            "c": 0.25
        },
        {
            "c": 0.25
        },
        {
            "c": 1.0
        },
        {
            "c": 0.25
        }
    ],