{
    "n_trees": [
        10,
        20,
        30,
        50,
        75,
        100,
        200
    ],
    "max_depth": [
        1,
        2,
        3,
        5,
        10,
        15,
        20
    ],
    "metric": "AUC",
    "scratch_classifier": [
        [
            0.8866406605686852
        ],
        [
            0.8824348696164861
        ],
        [
            0.8864889008457155
        ],
        [
            0.8869520545791265
        ],
        [
            0.8859081739044692
        ]
    ],
    "scratch_regressor": [
        [
            0.883122175808364
        ],
        [
            0.8812221106003761
        ],
        [
            0.883403669298521
        ],
        [
            0.8813753032151148
        ],
        [
            0.8803318790369505
        ]
    ],
    "kd_mse": [
        [
            0.8828102365382228,
            0.8885668348399747,
            0.8932144256340838,
            0.9030470303990145,
            0.9137687635275127,
            0.9153091475404782,
            0.9138710187419202
        ],
        [
            0.8824619170336898,
            0.8880762405951578,
            0.8932595553845891,
            0.9029777697366764,
            0.9133487740735962,
            0.9153484950020734,
            0.9140628994344313
        ],
        [
            0.8826084143665329,
            0.8884789465846354,
            0.8932848782594865,
            0.9028850882681618,
            0.9135393359984614,
            0.9151252048147599,
            0.914011987395016
        ],
        [
            0.8833080586441769,
            0.8888033761060402,
            0.893157870790798,
            0.9029633393753181,
            0.9137116253831528,
            0.915690892732657,
            0.9139892386531203
        ],
        [
            0.88276964639173,
            0.8883335017298173,
            0.8933940950454103,
            0.9030170537959814,
            0.9137567551336581,
            0.9151487777864343,
            0.9138950355296293
        ]
    ],
    "kd_mixed": [
        [
            0.9014544536203621,
            0.9020093251074693,
            0.9053244914020407,
            0.9069579119363484,
            0.9136165092666759,
            0.9153871323580133,
            0.9139952872316509
        ],
        [
            0.901153825318878,
            0.9018686227439943,
            0.9049675365055173,
            0.9075971211505174,
            0.9135314233925845,
            0.915361708039451,
            0.9138683685261697
        ],
        [
            0.9011875553375192,
            0.9026720058496474,
            0.9051967231058642,
            0.9085400653784133,
            0.9136173461769129,
            0.9155304976176968,
            0.9142069621193125
        ],
        [
            0.9022728377079898,
            0.9025104568129971,
            0.9050800755714726,
            0.9080086146974828,
            0.9136217716568023,
            0.9155967149700821,
            0.9137331694815254
        ],
        [
            0.9016903101416884,
            0.9024465219430764,
            0.9045361980415693,
            0.9071779432459213,
            0.9137285791556803,
            0.9154191885561808,
            0.9140164889576542
        ]
    ],
    "kd_mixed_params": [
        {
            "alpha": 0.8
        },
        {
            "alpha": 0.6000000000000001
        },
        {
            "alpha": 0.7000000000000001
        },
        {
            "alpha": 0.7000000000000001
        },
        {
            "alpha": 1.0
        },
        {
            "alpha": 1.0
        },
        {
            "alpha": 1.0
        }
    ],
    "kd_ortholoss": null,
    "kd_boundfast": [
        [
            0.9020108848038201,
            0.9035575710044791,
            0.9035684381571014,
            0.908020014429347,
            0.9140163367921564,
            0.9155054156715043,
            0.9143373806312393
        ],
        [
            0.9008755019432548,
            0.9032000454873395,
            0.9041299415238138,
            0.9073880330763155,
            0.9139424224016828,
            0.9157061473237944,
            0.9137823696590924
        ],
        [
            0.9011808600556235,
            0.9032710814138163,
            0.9031269553266447,
            0.9079512863462509,
            0.91398828761876,
            0.915398012191094,
            0.9141622127825508
        ],
        [
            0.9033697734194874,
            0.9031445050807047,
            0.9037956212450629,
            0.9084526463000249,
            0.9140918869617298,
            0.915613579979403,
            0.9138369463509091
        ],
        [
            0.9012584898203312,
            0.902571513218921,
            0.9043670407300373,
            0.9091261181120767,
            0.9139684680626937,
            0.9156127050277916,
            0.913910328162141
        ]
    ],
    "kd_boundfast_params": [
        {
            "c": 0.1
        },
        {
            "c": 0.1
        },
        {
            "c": 0.1
        },
        {
            "c": 0.1
        },
        {
            "c": 0.01
        },
        {
            "c": 1e-05
        },
        {
            "c": 0.0001
        }
    ],
    "kd_boundslow": [
        [
            0.9007127863044558,
            0.903692770049123,
            0.9036075954118248,
            0.9081913147383037,
            0.9143144163215554,
            0.915711333631172,
            0.9138144131768018
        ],
        [
            0.9021271265635513,
            0.9022376367562048,
            0.9037738362179852,
            0.9088394129536256,
            0.914252954140971,
            0.9156095222327996,
            0.914098353995379
        ],
        [
            0.9012896964278034,
            0.9021021967828562,
            0.9038964055263262,
            0.9078694593499002,
            0.9141577999831197,
            0.9155404390968754,
            0.9144802893944299
        ],
        [
            0.9007783696339344,
            0.9032248865048274,
            0.9041008271919339,
            0.9080177446273406,
            0.9141603107138307,
            0.9157440745740786,
            0.9147054309286314
        ],
        [
            0.901269318931579,
            0.9039534041856468,
            0.9048161952376663,
            0.9084758134970391,
            0.914235784800655,
            0.9154685155383292,
            0.9141519289310028
        ]
    ],
    "kd_boundslow_params": [
        {
            "c": 0.1
        },
        {
            "c": 0.1
        },
        {
            "c": 0.1
        },
        {
            "c": 0.1
        },
        {
            "c": 1e-05
        },
        {
            "c": 1e-05
        },
        {
            "c": 0.0001
        }
    ],