{
    "n_trees": [
        10,
        20,
        30,
        50,
        75,
        100,
        200
    ],
    "max_depth": [
        1,
        2,
        3,
        5,
        10,
        15,
        20
    ],
    "metric": "AUC",
    "scratch_classifier": [
        [
            0.8855796739560027
        ],
        [
            0.8821610604839594
        ],
        [
            0.885310822882607
        ],
        [
            0.8867828085043876
        ],
        [
            0.8864172942986226
        ]
    ],
    "scratch_regressor": [
        [
            0.8822236258644015
        ],
        [
            0.8835437503195476
        ],
        [
            0.8803152549563347
        ],
        [
            0.8832917769359306
        ],
        [
            0.8834976314933076
        ]
    ],
    "kd_mse": [
        [
            0.8811306210949261,
            0.8907607950261766,
            0.8943542086136222,
            0.9038197775178114,
            0.9147429777651718,
            0.9153637242322946,
            0.9138577930240843
        ],
        [
            0.880605358477566,
            0.8908264290774875,
            0.8944047909611259,
            0.9038010865225192,
            0.9148772511363719,
            0.9153363598036376,
            0.9127586128714968
        ],
        [
            0.8809124664931576,
            0.8911536736605987,
            0.8943564150133378,
            0.9037861743037515,
            0.9146790936170834,
            0.9158325334500341,
            0.9123138711632992
        ],
        [
            0.8805235568421317,
            0.8907771147757974,
            0.8943008492457867,
            0.9038004524996124,
            0.9147707986903217,
            0.915418478450525,
            0.9128022082865679
        ],
        [
            0.8812519223574534,
            0.890860552190331,
            0.8943168266230379,
            0.9037012532756159,
            0.9146623173709698,
            0.915392787842342,
            0.9130123361583364
        ]
    ],
    "kd_mixed": [
        [
            0.9005589723472683,
            0.9034545803234998,
            0.9053108979509191,
            0.9077122597103905,
            0.9146878811745714,
            0.9155160926172546,
            0.9128481369059358
        ],
        [
            0.8997609911167813,
            0.9040979867693115,
            0.9036786313383016,
            0.9072344346869163,
            0.9147060649515384,
            0.9154366495470336,
            0.9128014474590797
        ],
        [
            0.8992834957852187,
            0.9036658494365009,
            0.904816829260573,
            0.9068349622142637,
            0.9148170443211431,
            0.9159828095594017,
            0.9134042510779404
        ],
        [
            0.8993932324699259,
            0.9044933761344445,
            0.904922305311347,
            0.9082521936178138,
            0.9147904914418067,
            0.915590907320256,
            0.9133455405567715
        ],
        [
            0.9005546736719605,
            0.9037041697809872,
            0.9053516909847422,
            0.9074184154540091,
            0.9146685688368307,
            0.9147223086184103,
            0.9134777216523794
        ]
    ],
    "kd_mixed_params": [
        {
            "alpha": 0.7000000000000001
        },
        {
            "alpha": 0.8
        },
        {
            "alpha": 0.7000000000000001
        },
        {
            "alpha": 0.7000000000000001
        },
        {
            "alpha": 1.0
        },
        {
            "alpha": 1.0
        },
        {
            "alpha": 1.0
        }
    ],
    "kd_ortholoss": null,
    "kd_boundfast": [
        [
            0.9016740411139001,
            0.9032410160475763,
            0.9029264519226008,
            0.9075414412588428,
            0.9148672462549027,
            0.915288224784554,
            0.912825096513503
        ],
        [
            0.9002679051112188,
            0.904172078686199,
            0.9031905478241956,
            0.9077174967396007,
            0.9148070901615065,
            0.9150031680856606,
            0.9128306759150826
        ],
        [
            0.9013321125602676,
            0.9040959071741771,
            0.9041381077388531,
            0.9073336592718294,
            0.9146395305876996,
            0.9153261520348381,
            0.9126961108933452
        ],
        [
            0.900709616189922,
            0.9027352686552871,
            0.9034923300473702,
            0.9077055897894113,
            0.9147712678672728,
            0.915571113125106,
            0.9131420699255242
        ],
        [
            0.8998539642358329,
            0.9041535144954883,
            0.9034464141084604,
            0.9078632459254138,
            0.9147582830781418,
            0.9158578309640152,
            0.9125700544590172
        ]
    ],
    "kd_boundfast_params": [
        {
            "c": 0.1
        },
        {
            "c": 0.1
        },
        {
            "c": 0.1
        },
        {
            "c": 0.1
        },
        {
            "c": 0.0001
        },
        {
            "c": 0.001
        },
        {
            "c": 0.0001
        }
    ],
    "kd_boundslow": [
        [
            0.9005456451857677,
            0.9043431887882838,
            0.9040240850592959,
            0.9086090597511303,
            0.9149984636356921,
            0.9147726119958351,
            0.9112961629542342
        ],
        [
            0.8998202215367337,
            0.9042204165926128,
            0.9040652077850303,
            0.9078012511655877,
            0.9152800712499727,
            0.9146177582410806,
            0.912667884193535
        ],
        [
            0.8999745046708723,
            0.903233991073769,
            0.9050239391833055,
            0.9073740211700756,
            0.9152839134287878,
            0.9149286830745709,
            0.912414034102114
        ],
        [
            0.8989268579001485,
            0.9031943646420945,
            0.9040538460945406,
            0.9088410867740996,
            0.9147639258820122,
            0.9154485057753907,
            0.9114546813613902
        ],
        [
            0.9014863069311992,
            0.9034450572994398,
            0.9044660370667037,
            0.9078799714496949,
            0.9152955540893565,
            0.9146446534927865,
            0.9120460218460962
        ]
    ],
    "kd_boundslow_params": [
        {
            "c": 0.1
        },
        {
            "c": 0.1
        },
        {
            "c": 0.1
        },
        {
            "c": 0.1
        },
        {
            "c": 1e-05
        },
        {
            "c": 0.0001
        },
        {
            "c": 0.0001
        }
    ],