{
    "n_trees": [
        10,
        20,
        30,
        50,
        75,
        100,
        200
    ],
    "max_depth": [
        1,
        2,
        3,
        5,
        10,
        15,
        20
    ],
    "metric": "AUC",
    "scratch_classifier": [
        [
            0.9187597709643248
        ],
        [
            0.9139532440669422
        ],
        [
            0.913256662409445
        ],
        [
            0.913152745801155
        ],
        [
            0.9170547243413409
        ]
    ],
    "scratch_regressor": [
        [
            0.9126999043193001
        ],
        [
            0.9135511261703799
        ],
        [
            0.9125965883850464
        ],
        [
            0.9140767159521939
        ],
        [
            0.9132819574605318
        ]
    ],
    "kd_mse": [
        [
            0.8113641253972458,
            0.8665004623855248,
            0.8702912494874249,
            0.8911023356342264,
            0.919643429213368,
            0.9232983304999317,
            0.9231535013156095
        ],
        [
            0.8115401896314584,
            0.8666932787511958,
            0.8701040394127596,
            0.8904403261045996,
            0.9185915822341443,
            0.9239620085685484,
            0.9259005171669968
        ],
        [
            0.811793140142325,
            0.8663874021835702,
            0.8704081806998359,
            0.8901560070607231,
            0.9178013621685348,
            0.923825321854497,
            0.9260392061278363
        ],
        [
            0.811278963167202,
            0.866873414220544,
            0.8706724772758339,
            0.8907873154729361,
            0.9185523381971022,
            0.9256374886806313,
            0.9238839209438217
        ],
        [
            0.8112223663246654,
            0.8666508978608529,
            0.870194407484452,
            0.8909585075732983,
            0.9191096302197239,
            0.9246039288887371,
            0.9245537392359214
        ]
    ],
    "kd_mixed": [
        [
            0.9159393393973823,
            0.9180349576271187,
            0.9190631780942455,
            0.9193025133269547,
            0.9247908052556042,
            0.9251478725994396,
            0.9260356688251777
        ],
        [
            0.9183822139616934,
            0.9185682894298455,
            0.9184697121463232,
            0.9200247904848962,
            0.9237511052402271,
            0.9248036196350464,
            0.9240051236160471
        ],
        [
            0.9197805163767769,
            0.9212374846227448,
            0.9182576074699289,
            0.9207892483085018,
            0.9240196732760387,
            0.9254264518691908,
            0.924098828765719
        ],
        [
            0.917749837684527,
            0.9194247171225738,
            0.9198142876059322,
            0.92187993887541,
            0.9238384032001777,
            0.9266366098277747,
            0.9257478124786427
        ],
        [
            0.9226230393999453,
            0.9180824776175505,
            0.9209083152508202,
            0.9188911183536086,
            0.9241382062858802,
            0.9242001424531847,
            0.922878793056315
        ]
    ],
    "kd_mixed_params": [
        {
            "alpha": 0.30000000000000004
        },
        {
            "alpha": 0.30000000000000004
        },
        {
            "alpha": 0.30000000000000004
        },
        {
            "alpha": 0.2
        },
        {
            "alpha": 0.6000000000000001
        },
        {
            "alpha": 1.0
        },
        {
            "alpha": 1.0
        }
    ],
    "kd_ortholoss": null,
    "kd_boundfast": [
        [
            0.9139117308168739,
            0.9199417639847595,
            0.9171932798190608,
            0.9236544634619328,
            0.9232630909564651,
            0.923752573554538,
            0.9239007398168398
        ],
        [
            0.9183517798105179,
            0.9165117817540323,
            0.9195133499137166,
            0.920515874880399,
            0.9235566203355658,
            0.9243687983742824,
            0.9243145374863313
        ],
        [
            0.9168276028140376,
            0.920467086800335,
            0.9175147071700724,
            0.9181652371514488,
            0.9211656707046201,
            0.9257584243866183,
            0.9240788062978404
        ],
        [
            0.9164650626623154,
            0.9180111976319028,
            0.9202979636883202,
            0.9222560943052898,
            0.923120931434527,
            0.9244577648732231,
            0.9232709664604976
        ],
        [
            0.9160142901688081,
            0.9190073821504237,
            0.9190169929350055,
            0.9210987956619053,
            0.9222635693599643,
            0.9247922735699153,
            0.9232589529797703
        ]
    ],
    "kd_boundfast_params": [
        {
            "c": 10.0
        },
        {
            "c": 1.0
        },
        {
            "c": 1000.0
        },
        {
            "c": 1000.0
        },
        {
            "c": 0.1
        },
        {
            "c": 1e-05
        },
        {
            "c": 1e-05
        }
    ],
    "kd_boundslow": [
        [
            0.9163901786324494,
            0.9171247362373565,
            0.919967059035846,
            0.916889739206021,
            0.9219729098679265,
            0.9244695113877119,
            0.9214274978429129
        ],
        [
            0.9123476423677557,
            0.919086337415425,
            0.918906535653875,
            0.9204004787238588,
            0.9210951916176872,
            0.9243521797259431,
            0.9249164128707626
        ],
        [
            0.9158336875085429,
            0.9207090249538682,
            0.920494450839769,
            0.9205375658872677,
            0.9212752603454756,
            0.9237794036614955,
            0.9240143339512712
        ],
        [
            0.915842096945052,
            0.9183896890163683,
            0.9188522080243644,
            0.920742062025868,
            0.9197647653687124,
            0.9250278712752871,
            0.9239876373274333
        ],
        [
            0.9197731748052215,
            0.9155303471201818,
            0.9174683217861537,
            0.9174337496582832,
            0.9208447772860854,
            0.9234961524825724,
            0.9230559251554811
        ]
    ],
    "kd_boundslow_params": [
        {
            "c": 10.0
        },
        {
            "c": 1.0
        },
        {
            "c": 100.0
        },
        {
            "c": 1.0
        },
        {
            "c": 0.001
        },
        {
            "c": 1e-05
        },
        {
            "c": 0.01
        }
    ],