{
    "n_trees": [
        10,
        20,
        30,
        50,
        75,
        100,
        200
    ],
    "max_depth": [
        1,
        2,
        3,
        5,
        10,
        15,
        20
    ],
    "metric": "Accuracy",
    "scratch_classifier": [
        [
            0.6731939486656467
        ],
        [
            0.6728539860615332
        ],
        [
            0.6722080571137174
        ],
        [
            0.6736698963114057
        ],
        [
            0.6707462179160293
        ]
    ],
    "scratch_regressor": [
        [
            0.6792452830188679
        ],
        [
            0.6806391296957335
        ],
        [
            0.6824749277579466
        ],
        [
            0.6817610062893081
        ],
        [
            0.6816930137684855
        ]
    ],
    "kd_mse": [
        [
            0.588305286418494,
            0.6123066462689104,
            0.6340302566717662,
            0.6680945096039436,
            0.6941696413394527,
            0.7017848036715961,
            0.6908720040795513
        ],
        [
            0.5883732789393167,
            0.6125446200917899,
            0.6340642529321775,
            0.6681964983851776,
            0.6942716301206867,
            0.6996770355260922,
            0.6887642359340472
        ],
        [
            0.5882712901580827,
            0.6128505864354921,
            0.633928267890532,
            0.6677545469998301,
            0.693727689954105,
            0.700424953255142,
            0.689512153663097
        ],
        [
            0.5882712901580827,
            0.6127146013938467,
            0.6339962604113547,
            0.6681964983851776,
            0.6938636749957504,
            0.7017508074111848,
            0.6885602583715791
        ],
        [
            0.5883732789393167,
            0.612748597654258,
            0.6332143464218936,
            0.6677545469998301,
            0.6949855515893252,
            0.6999150093489717,
            0.6885262621111677
        ]
    ],
    "kd_mixed": null,
    "kd_mixed_params": null,
    "kd_ortholoss": [
        [
            0.6844127146013939,
            0.6815570287268401,
            0.6856025837157913,
            0.6827468978412374,
            0.6813870474247833,
            0.6723100458949516,
            0.6580996090430052
        ],
        [
            0.6840727519972803,
            0.6822369539350671,
            0.6797552269250382,
            0.6803671596124427,
            0.6857045724970253,
            0.6783953765085841,
            0.6541560428352882
        ],
        [
            0.6830188679245283,
            0.6865544790073091,
            0.6832228454869964,
            0.6827129015808261,
            0.6804351521332653,
            0.6706442291347952,
            0.657691653918069
        ],
        [
            0.680979092299847,
            0.6806051334353221,
            0.6791432942376339,
            0.6823729389767126,
            0.6846506884242733,
            0.6716641169471358,
            0.6564677885432603
        ],
        [
            0.6839707632160462,
            0.6860105388407275,
            0.6840727519972803,
            0.6827808941016488,
            0.6858065612782593,
            0.6761516233214346,
            0.6582015978242394
        ]
    ],
    "kd_boundfast": [
        [
            0.6773074961754207,
            0.6836308006119327,
            0.6849906510283869,
            0.6873703892571817,
            0.6981812000679926,
            0.7028046914839368,
            0.689988101308856
        ],
        [
            0.6835968043515214,
            0.6823729389767126,
            0.6863844977052524,
            0.6857385687574367,
            0.6972293047764746,
            0.6998470168281489,
            0.6929457759646439
        ],
        [
            0.6835968043515214,
            0.684140744518103,
            0.6822709501954785,
            0.6855005949345572,
            0.69535951045385,
            0.6994050654428013,
            0.688356280809111
        ],
        [
            0.6822709501954785,
            0.6810130885602583,
            0.6810470848206698,
            0.6870984191738909,
            0.6972972972972973,
            0.7029746727859936,
            0.6934897161312256
        ],
        [
            0.6815570287268401,
            0.6829848716641169,
            0.6883902770695224,
            0.6870304266530681,
            0.700050994390617,
            0.7013768485466598,
            0.6877443481217066
        ]
    ],
    "kd_boundfast_params": [
        {
            "c": 1.0
        },
        {
            "c": 1.0
        },
        {
            "c": 1.0
        },
        {
            "c": 0.1
        },
        {
            "c": 0.1
        },
        {
            "c": 0.001
        },
        {
            "c": 1e-05
        }
    ],
    "kd_boundslow": [
        [
            0.6824749277579466,
            0.6810130885602583,
            0.6879823219445861,
            0.6880843107258202,
            0.6963793982661908,
            0.698895121536631,
            0.6908040115587285
        ],
        [
            0.6792112867584565,
            0.6828148903620602,
            0.6840727519972803,
            0.6864184939656638,
            0.6976032636409994,
            0.7016828148903621,
            0.6879143294237634
        ],
        [
            0.6838347781744009,
            0.6876083630800612,
            0.6859085500594935,
            0.6919258881523033,
            0.6966173720890702,
            0.7001529831718512,
            0.6910759816420193
        ],
        [
            0.6843107258201598,
            0.6843447220805712,
            0.6837327893931667,
            0.6887642359340472,
            0.6991330953595104,
            0.7020907700152983,
            0.6908380078191398
        ],
        [
            0.6835288118306986,
            0.6833248342682305,
            0.6831548529661737,
            0.6872344042155363,
            0.6971273159952405,
            0.7030426653068163,
            0.6896141424443312
        ]
    ],
    "kd_boundslow_params": [
        {
            "c": 1.0
        },
        {
            "c": 10.0
        },
        {
            "c": 0.1
        },
        {
            "c": 0.1
        },
        {
            "c": 0.0001
        },
        {
            "c": 1e-05
        },
        {
            "c": 1e-05
        }
    ],
    "kd_relerr": [
        [
            0.6831548529661737,
            0.6814210436851946,
            0.6849906510283869,
            0.689512153663097,
            0.6977392486826449,
            0.7005949345571987,
            0.6892061873193949
        ],
        [
            0.684140744518103,
            0.6855345911949685,
            0.6814890362060173,
            0.6907700152983172,
            0.6982151963284039,
            0.7019887812340643,
            0.6898521162672107
        ],
        [
            0.6819649838517763,
            0.6831548529661737,
            0.6875403705592384,
            0.6891381947985722,
            0.6996090430052694,
            0.7009009009009008,
            0.6909060003399626
        ],
        [
            0.6827468978412374,
            0.6843787183409825,
            0.6859085500594935,
            0.6914839367669556,
            0.6980792112867584,
            0.70263471018188,
            0.6882202957674656
        ],
        [
            0.6812510623831378,
            0.6855345911949685,
            0.6850586435492095,
            0.6897161312255652,
            0.6964813870474248,
            0.6999150093489717,
            0.6928097909229984
        ]
    ],