{
    "n_trees": [
        10,
        20,
        30,
        50,
        75,
        100,
        200
    ],
    "max_depth": [
        1,
        2,
        3,
        5,
        10,
        15,
        20
    ],
    "metric": "AUC",
    "scratch_classifier": [
        [
            0.7557223540683154
        ],
        [
            0.7587947083194682
        ],
        [
            0.7612275887035731
        ],
        [
            0.7619872781725034
        ],
        [
            0.7540813882479421
        ]
    ],
    "scratch_regressor": [
        [
            0.7506662138393296
        ],
        [
            0.7472985771592184
        ],
        [
            0.7531763430322488
        ],
        [
            0.750865963717743
        ],
        [
            0.7486001510237068
        ]
    ],
    "kd_mse": [
        [
            0.7550275718825307,
            0.7684359538810899,
            0.777880877765873,
            0.7855829039701316,
            0.7899897428208889,
            0.7904440938029085,
            0.7900999023648191
        ],
        [
            0.7537719359191419,
            0.768418127232902,
            0.7789683033053347,
            0.7869359008582388,
            0.7916677332182677,
            0.787727586875199,
            0.7912344085392389
        ],
        [
            0.7545329966687022,
            0.7701907359937397,
            0.7786213693059857,
            0.7869336153905224,
            0.7905405405405405,
            0.7899518040567967,
            0.7892867329513251
        ],
        [
            0.7548511337748247,
            0.7694008783509527,
            0.779181308896503,
            0.786679471380459,
            0.7913267414349812,
            0.789145948139995,
            0.7896236108927219
        ],
        [
            0.7546874942863308,
            0.7691618184278177,
            0.7795840083081322,
            0.7867608340311628,
            0.7892460516259732,
            0.7886929684386051,
            0.7879885872884114
        ]
    ],
    "kd_mixed": [
        [
            0.7734027323223643,
            0.776503654919972,
            0.7806293812416123,
            0.7853301312406982,
            0.7893566682634467,
            0.7900185397141155,
            0.7893829511421854
        ],
        [
            0.7676063291000377,
            0.7753531504715376,
            0.781932554933502,
            0.7870922268500404,
            0.7872901483542804,
            0.7877271297816555,
            0.7887363923252166
        ],
        [
            0.7687554622678421,
            0.776675522092245,
            0.7792393597764995,
            0.7867832316147835,
            0.7901392124095412,
            0.7886166338168774,
            0.7901922352605615
        ],
        [
            0.7675935304808258,
            0.7785646897066192,
            0.7820235165486146,
            0.788061722255336,
            0.7904125543484224,
            0.7880096135914023,
            0.788755133160491
        ],
        [
            0.7689085886048408,
            0.7739041639393418,
            0.7822552629750573,
            0.7869989797672114,
            0.7901972632895378,
            0.7878985398603854,
            0.7893744949116346
        ]
    ],
    "kd_mixed_params": [
        {
            "alpha": 0.8
        },
        {
            "alpha": 0.8
        },
        {
            "alpha": 0.9
        },
        {
            "alpha": 1.0
        },
        {
            "alpha": 1.0
        },
        {
            "alpha": 1.0
        },
        {
            "alpha": 1.0
        }
    ],
    "kd_ortholoss": null,
    "kd_boundfast": [
        [
            0.7711126936705344,
            0.7783772813538745,
            0.781584249653523,
            0.7878797990251108,
            0.7911603593852274,
            0.7893402128958887,
            0.7897817652586966
        ],
        [
            0.7667364800871769,
            0.7738228012886381,
            0.7826223090903107,
            0.7867663191536821,
            0.791663162282835,
            0.7887971857664726,
            0.7881321146610012
        ],
        [
            0.7665147897186864,
            0.7753165829880754,
            0.7816477856560389,
            0.7866822139417188,
            0.7901442404385173,
            0.7870552022730348,
            0.7908134253858784
        ],
        [
            0.7674573166049286,
            0.7771504422837126,
            0.7827731499595929,
            0.7868152281628131,
            0.7893237575283307,
            0.7877504415523627,
            0.7891720024719618
        ],
        [
            0.7671551777728207,
            0.7753517791909079,
            0.7827918907948674,
            0.7873171168733339,
            0.7886445165230174,
            0.7890417308121273,
            0.787749070271733
        ]
    ],
    "kd_boundfast_params": [
        {
            "c": 0.1
        },
        {
            "c": 0.1
        },
        {
            "c": 0.1
        },
        {
            "c": 0.0001
        },
        {
            "c": 0.0001
        },
        {
            "c": 1e-05
        },
        {
            "c": 1e-05
        }
    ],
    "kd_boundslow": [
        [
            0.7650836298346784,
            0.7757768761861578,
            0.7813314769240896,
            0.787238953877433,
            0.7906004197947101,
            0.7871781604361769,
            0.788436081867282
        ],
        [
            0.7669435434622824,
            0.7760771866440923,
            0.7804195753052471,
            0.7859508642724716,
            0.7895614461708359,
            0.7876645079662263,
            0.7890970391308639
        ],
        [
            0.7636771530020077,
            0.7731746426442678,
            0.7787292433821997,
            0.7877207304720497,
            0.7900674487232463,
            0.7895349347453258,
            0.7867178672380946
        ],
        [
            0.767397437350759,
            0.7762751081483323,
            0.7818374794765,
            0.7874025933659271,
            0.7894768838653293,
            0.7898612995352272,
            0.7926879660068674
        ],
        [
            0.7675290802912234,
            0.778314202444902,
            0.7802765050262006,
            0.7876453100374086,
            0.7902118902829226,
            0.7893607821053363,
            0.789437116727064
        ]
    ],
    "kd_boundslow_params": [
        {
            "c": 0.001
        },
        {
            "c": 0.1
        },
        {
            "c": 0.001
        },
        {
            "c": 0.0001
        },
        {
            "c": 0.0001
        },
        {
            "c": 0.001
        },
        {
            "c": 0.01
        }
    ],