{
    "n_trees": [
        10,
        20,
        30,
        50,
        75,
        100,
        200
    ],
    "max_depth": [
        1,
        2,
        3,
        5,
        10,
        15,
        20
    ],
    "metric": "AUC",
    "scratch_classifier": [
        [
            0.7511045665473349
        ],
        [
            0.7572289343869645
        ],
        [
            0.7585997579232594
        ],
        [
            0.7615786365448116
        ],
        [
            0.7590134275799273
        ]
    ],
    "scratch_regressor": [
        [
            0.7449838554560513
        ],
        [
            0.7528593486599845
        ],
        [
            0.7512711771438602
        ],
        [
            0.7508645924371131
        ],
        [
            0.7499268650330753
        ]
    ],
    "kd_mse": [
        [
            0.7535347043701799,
            0.7682439745929125,
            0.7790464663012356,
            0.7857666555745301,
            0.7885814376140449,
            0.7873047753476653,
            0.7901017307389923
        ],
        [
            0.7526470287091312,
            0.7673407577513923,
            0.7791543403774497,
            0.7865053187404696,
            0.7897881645683027,
            0.7883766597066557,
            0.7894138049563567
        ],
        [
            0.7524052262247365,
            0.7675075968946894,
            0.778484241243002,
            0.7867964873275386,
            0.7889187726489851,
            0.7871795317168068,
            0.7910227742287004
        ],
        [
            0.7529441395122629,
            0.7674157210924901,
            0.7804575140693393,
            0.786024227786168,
            0.7887423345412792,
            0.7897817652586966,
            0.7886335462779787
        ],
        [
            0.7531342904262671,
            0.7671026120153437,
            0.7795227577733328,
            0.7857474576457122,
            0.7900743051263955,
            0.7861245598189178,
            0.7887034815901004
        ]
    ],
    "kd_mixed": null,
    "kd_mixed_params": null,
    "kd_ortholoss": [
        [
            0.7470672878263191,
            0.749154376944933,
            0.7399457704220254,
            0.7338901951606592,
            0.7245613730358691,
            0.7131500327278977,
            0.7101560700194174
        ],
        [
            0.7471769902767061,
            0.7420817685497701,
            0.7429264774177506,
            0.7318972673119608,
            0.7191580702607627,
            0.7034747336973017,
            0.7082541037858315
        ],
        [
            0.7478717724624908,
            0.7523992840086737,
            0.7487818457071602,
            0.7376219068479926,
            0.7218169834020193,
            0.7068942504945753,
            0.7127473333162686
        ],
        [
            0.7453335320166601,
            0.7468227427806646,
            0.7481606555818435,
            0.7376054514804347,
            0.7093694120314333,
            0.7111260225182565,
            0.7122285321446462
        ],
        [
            0.7456795518289228,
            0.7611946779684569,
            0.7425959987859596,
            0.7327666592312784,
            0.7133346985193825,
            0.7006357256999931,
            0.7072818658192762
        ]
    ],
    "kd_boundfast": [
        [
            0.769736842105263,
            0.7750830081874596,
            0.7829888981120208,
            0.7861647840507265,
            0.7906685267326587,
            0.7888716920140273,
            0.7897625673298789
        ],
        [
            0.7718938665359988,
            0.7753408089458693,
            0.7783091744159258,
            0.7873468279536471,
            0.7904312951836968,
            0.7881842233249351,
            0.7877312436235451
        ],
        [
            0.7702309602255483,
            0.7765617057999686,
            0.7851226107720494,
            0.7868051721048609,
            0.7890814979503926,
            0.7879309935019583,
            0.789034874408978
        ],
        [
            0.7668768078049636,
            0.7754413695253906,
            0.7815431112346279,
            0.7869354437646956,
            0.7898695272190063,
            0.78556873407029,
            0.7883963147290167
        ],
        [
            0.7679102963063186,
            0.7776770140455703,
            0.7823407394676505,
            0.7850769014177214,
            0.7891080093759028,
            0.7871566770396429,
            0.7913271985285245
        ]
    ],
    "kd_boundfast_params": [
        {
            "c": 0.1
        },
        {
            "c": 0.1
        },
        {
            "c": 0.1
        },
        {
            "c": 0.01
        },
        {
            "c": 0.001
        },
        {
            "c": 0.001
        },
        {
            "c": 1e-05
        }
    ],
    "kd_boundslow": [
        [
            0.7707977562192148,
            0.7751629995575335,
            0.7795808086533293,
            0.7859746331367221,
            0.7883743742389393,
            0.7873683113501813,
            0.7890504155894495
        ],
        [
            0.7667442506774125,
            0.7783996789374952,
            0.7795003601897121,
            0.7871594196009025,
            0.7890019636738619,
            0.7860861639612824,
            0.7903956418873209
        ],
        [
            0.7690534872580603,
            0.7747945821616502,
            0.7827480098147126,
            0.7857881389710641,
            0.7878368322320426,
            0.7887757023699387,
            0.7893621533859662
        ],
        [
            0.7640304863109626,
            0.7750756946907671,
            0.7810508214885159,
            0.7871191953690938,
            0.7901465259062337,
            0.7875246373419827,
            0.7868687081073767
        ],
        [
            0.7640976790618246,
            0.7737903476470653,
            0.7801457762728227,
            0.7856583244047728,
            0.7914167888630073,
            0.7870839991662614,
            0.7899280351925462
        ]
    ],
    "kd_boundslow_params": [
        {
            "c": 0.01
        },
        {
            "c": 0.01
        },
        {
            "c": 0.01
        },
        {
            "c": 0.0001
        },
        {
            "c": 0.001
        },
        {
            "c": 0.0001
        },
        {
            "c": 0.0001
        }
    ],
    "kd_relerr": [
        [
            0.7658712020097488,
            0.7746844226177199,
            0.7816349870368271,
            0.7855797043153288,
            0.7899444905601041,
            0.7877326149041749,
            0.7885956075138865
        ],
        [
            0.7647796626283976,
            0.7745331246548943,
            0.7797375917386741,
            0.7858004804967327,
            0.7901739515188304,
            0.7875895446251284,
            0.7862237491178095
        ],
        [
            0.7670226206452699,
            0.7739014213780822,
            0.7815293984283296,
            0.7854201786687242,
            0.7880237834912439,
            0.7852999630668416,
            0.7871895877747589
        ],
        [
            0.7672511674169096,
            0.7734868375343277,
            0.7812725118570065,
            0.7868554523946216,
            0.7892524509355792,
            0.785944922056409,
            0.7890202474155932
        ],
        [
            0.7655512365294532,
            0.7753901750485432,
            0.7824294156150468,
            0.7854768582680909,
            0.7881375997835205,
            0.786371847425832,
            0.7902187466860718
        ]
    ],