{
    "n_trees": [
        10,
        20,
        30,
        50,
        75,
        100,
        200
    ],
    "max_depth": [
        1,
        2,
        3,
        5,
        10,
        15,
        20
    ],
    "metric": "Accuracy",
    "scratch_classifier": [
        [
            0.675709671936087
        ],
        [
            0.6744858065612782
        ],
        [
            0.6742818289988102
        ],
        [
            0.6694543600203977
        ],
        [
            0.6753357130715621
        ]
    ],
    "scratch_regressor": [
        [
            0.6800611932687405
        ],
        [
            0.6781574026857046
        ],
        [
            0.6822029576746558
        ],
        [
            0.6795172531021587
        ],
        [
            0.6787013428522862
        ]
    ],
    "kd_mse": [
        [
            0.5877613462519123,
            0.6144484106748258,
            0.6271630120686724,
            0.6662927078021418,
            0.6901580826109128,
            0.6983511813700493,
            0.7013088560258371
        ],
        [
            0.5885432602413735,
            0.6131565527791943,
            0.6276729559748427,
            0.6666326704062553,
            0.6908040115587285,
            0.6993710691823899,
            0.7016828148903621
        ],
        [
            0.5879653238143804,
            0.6135985041645419,
            0.6284208737038925,
            0.6658847526772055,
            0.6907360190379058,
            0.6993710691823899,
            0.6999830018697943
        ],
        [
            0.5885772565017848,
            0.6137684854665987,
            0.6264830868604454,
            0.666122726500085,
            0.6896141424443312,
            0.6982491925888152,
            0.7009688934217236
        ],
        [
            0.5886112527621962,
            0.6131565527791943,
            0.6264830868604454,
            0.6662247152813191,
            0.6911439741628421,
            0.698997110317865,
            0.700050994390617
        ]
    ],
    "kd_mixed": [
        [
            0.6819649838517763,
            0.6858405575386708,
            0.6868604453510114,
            0.6935917049124596,
            0.6987931327553969,
            0.701580826109128,
            0.7055923848376678
        ],
        [
            0.6819649838517763,
            0.6845486996430392,
            0.688934217236104,
            0.6899201087880333,
            0.6971273159952405,
            0.7027027027027027,
            0.7058303586605473
        ],
        [
            0.6834268230494646,
            0.686146523882373,
            0.6853986061533232,
            0.6906000339962605,
            0.6976372599014109,
            0.7046744858065612,
            0.7050484446710862
        ],
        [
            0.6811490736019038,
            0.6790413054563998,
            0.6882542920278769,
            0.6899201087880333,
            0.6970253272140065,
            0.7028726840047594,
            0.7058303586605473
        ],
        [
            0.6796192418833928,
            0.6804691483936767,
            0.6864184939656638,
            0.690566037735849,
            0.7008669046404895,
            0.7023627400985891,
            0.7051844297127317
        ]
    ],
    "kd_mixed_params": [
        {
            "alpha": 0.2
        },
        {
            "alpha": 0.5
        },
        {
            "alpha": 0.6000000000000001
        },
        {
            "alpha": 0.6000000000000001
        },
        {
            "alpha": 0.7000000000000001
        },
        {
            "alpha": 0.9
        },
        {
            "alpha": 0.8
        }
    ],
    "kd_ortholoss": null,
    "kd_boundfast": [
        [
            0.684718680945096,
            0.6833248342682305,
            0.6850586435492095,
            0.689512153663097,
            0.6973992860785314,
            0.7023627400985891,
            0.70062893081761
        ],
        [
            0.6803671596124427,
            0.686248512663607,
            0.6852286248512663,
            0.6888322284548699,
            0.6986231514533401,
            0.7027366989631141,
            0.7010368859425463
        ],
        [
            0.6836987931327554,
            0.6798912119666837,
            0.6829168791432942,
            0.6878463369029407,
            0.696787353391127,
            0.7025327214006459,
            0.7027366989631141
        ],
        [
            0.6807411184769675,
            0.68356280809111,
            0.6844467108618052,
            0.6886622471528132,
            0.6985551589325174,
            0.7016148223695393,
            0.6990311065782764
        ],
        [
            0.6834608193098759,
            0.6852626211116777,
            0.6838347781744009,
            0.6895801461839197,
            0.7009348971613123,
            0.7055583885772565,
            0.7021247662757096
        ]
    ],
    "kd_boundfast_params": [
        {
            "c": 100.0
        },
        {
            "c": 1000.0
        },
        {
            "c": 1000.0
        },
        {
            "c": 1000.0
        },
        {
            "c": 0.1
        },
        {
            "c": 0.1
        },
        {
            "c": 0.0001
        }
    ],
    "kd_boundslow": [
        [
            0.6817270100288968,
            0.6836308006119327,
            0.6840387557368689,
            0.690566037735849,
            0.6963793982661908,
            0.7045385007649159,
            0.7035866054733979
        ],
        [
            0.6814210436851946,
            0.6849566547679755,
            0.6822029576746558,
            0.6886622471528132,
            0.6956994730579636,
            0.7023627400985891,
            0.7024647288798233
        ],
        [
            0.6837327893931667,
            0.6847526772055074,
            0.6833928267890532,
            0.6860105388407275,
            0.6978752337242903,
            0.7037905830358661,
            0.7023967363590005
        ],
        [
            0.6853646098929118,
            0.6851606323304437,
            0.6872004079551249,
            0.690939996600374,
            0.6952235254122047,
            0.7022267550569438,
            0.7046404895461499
        ],
        [
            0.6828828828828829,
            0.6831208567057624,
            0.6800951895291518,
            0.685670576236614,
            0.6967533571307156,
            0.7003909569947305,
            0.7045045045045045
        ]
    ],
    "kd_boundslow_params": [
        {
            "c": 10.0
        },
        {
            "c": 1000.0
        },
        {
            "c": 1000.0
        },
        {
            "c": 1.0
        },
        {
            "c": 0.01
        },
        {
            "c": 0.001
        },
        {
            "c": 1e-05
        }
    ],